transit,type,name,desc
Teal,Travel,Teal Travel,sem duis aliquam convallis nunc proin at turpis a
Turquoise,Planners,Turquoise Planners,et eros vestibulum ac est lacinia nisi venenatis tristique fusce congue diam id
Indigo,Planners,Indigo Planners,sagittis nam congue risus semper porta volutpat quam pede lobortis ligula
Khaki,Tours,Khaki Tours,scelerisque quam turpis adipiscing lorem vitae mattis nibh ligula
Puce,Transit,Puce Transit,morbi non lectus aliquam sit amet diam in magna
Pink,Travel,Pink Travel,ut ultrices vel augue vestibulum ante ipsum primis in faucibus orci luctus et
Goldenrod,Co.,Goldenrod Co.,sit amet cursus id turpis integer aliquet massa
Purple,Inc.,Purple Inc.,pede morbi porttitor lorem id ligula suspendisse ornare
Violet,Transit,Violet Transit,phasellus id sapien in sapien iaculis congue vivamus metus arcu
Pink,Inc.,Pink Inc.,justo nec condimentum neque sapien placerat ante nulla justo aliquam quis turpis eget elit
Aquamarine,Co.,Aquamarine Co.,vel est donec odio justo sollicitudin ut suscipit
Khaki,Co.,Khaki Co.,quis orci nullam molestie nibh in lectus
Aquamarine,Travel,Aquamarine Travel,turpis elementum ligula vehicula consequat morbi a ipsum integer a nibh in quis
Turquoise,Inc.,Turquoise Inc.,eget tempus vel pede morbi porttitor lorem id ligula suspendisse ornare
Purple,Planners,Purple Planners,ante ipsum primis in faucibus orci luctus et ultrices posuere cubilia curae
Puce,Now,Puce Now,quis orci eget orci vehicula condimentum curabitur in libero ut
Indigo,Co.,Indigo Co.,in faucibus orci luctus et ultrices posuere cubilia curae
Aquamarine,Co.,Aquamarine Co.,vestibulum aliquet ultrices erat tortor sollicitudin mi sit amet
Aquamarine,Transit,Aquamarine Transit,nulla ut erat id mauris vulputate elementum
Yellow,Now,Yellow Now,scelerisque quam turpis adipiscing lorem vitae mattis
Purple,Co.,Purple Co.,massa id nisl venenatis lacinia aenean sit amet
Fuscia,Tours,Fuscia Tours,arcu libero rutrum ac lobortis vel dapibus at diam nam tristique tortor
Purple,Travel,Purple Travel,eget orci vehicula condimentum curabitur in libero ut
Aquamarine,Planners,Aquamarine Planners,mattis nibh ligula nec sem duis aliquam convallis
Maroon,Travel,Maroon Travel,in magna bibendum imperdiet nullam orci pede venenatis non sodales sed tincidunt eu felis
Crimson,Now,Crimson Now,porttitor pede justo eu massa donec dapibus duis at velit
Yellow,Inc.,Yellow Inc.,tempor convallis nulla neque libero convallis eget eleifend
Blue,Tours,Blue Tours,magna at nunc commodo placerat praesent blandit nam nulla integer
Puce,Tours,Puce Tours,suspendisse potenti nullam porttitor lacus at turpis donec posuere metus vitae ipsum aliquam non mauris
Aquamarine,Tours,Aquamarine Tours,commodo vulputate justo in blandit ultrices enim lorem ipsum dolor sit amet consectetuer adipiscing
Puce,Travel,Puce Travel,convallis nunc proin at turpis a pede posuere nonummy integer non velit donec diam neque
Puce,Transit,Puce Transit,quam a odio in hac habitasse platea dictumst maecenas ut massa quis augue luctus tincidunt
Goldenrod,Travel,Goldenrod Travel,ac consequat metus sapien ut nunc vestibulum ante ipsum
Goldenrod,Planners,Goldenrod Planners,pellentesque ultrices mattis odio donec vitae nisi nam ultrices libero non mattis
Green,Planners,Green Planners,dictumst etiam faucibus cursus urna ut tellus nulla ut erat id
Maroon,Transit,Maroon Transit,quisque ut erat curabitur gravida nisi at
Indigo,Transit,Indigo Transit,curabitur in libero ut massa volutpat convallis morbi odio odio elementum eu interdum eu
Fuscia,Planners,Fuscia Planners,nullam varius nulla facilisi cras non velit nec nisi vulputate nonummy maecenas tincidunt lacus
Yellow,Planners,Yellow Planners,turpis enim blandit mi in porttitor pede justo eu
Mauv,Tours,Mauv Tours,nascetur ridiculus mus vivamus vestibulum sagittis sapien cum sociis natoque penatibus et magnis
Mauv,Travel,Mauv Travel,morbi ut odio cras mi pede malesuada in
Turquoise,Tours,Turquoise Tours,potenti cras in purus eu magna vulputate luctus cum sociis
Crimson,Co.,Crimson Co.,magna ac consequat metus sapien ut nunc vestibulum ante
Fuscia,Co.,Fuscia Co.,lacinia nisi venenatis tristique fusce congue diam id ornare imperdiet sapien urna pretium nisl ut
Mauv,Planners,Mauv Planners,duis aliquam convallis nunc proin at turpis a pede
Orange,Inc.,Orange Inc.,convallis morbi odio odio elementum eu interdum eu tincidunt in leo maecenas pulvinar
Orange,Inc.,Orange Inc.,sapien sapien non mi integer ac neque
Green,Planners,Green Planners,vivamus vestibulum sagittis sapien cum sociis natoque penatibus et magnis dis parturient montes nascetur ridiculus
Pink,Tours,Pink Tours,vehicula consequat morbi a ipsum integer a nibh
Indigo,Planners,Indigo Planners,dapibus duis at velit eu est congue elementum
Violet,Travel,Violet Travel,eros vestibulum ac est lacinia nisi venenatis tristique fusce congue
Crimson,Co.,Crimson Co.,eleifend quam a odio in hac habitasse platea dictumst maecenas ut massa quis augue
Purple,Transit,Purple Transit,lorem integer tincidunt ante vel ipsum praesent blandit lacinia
Yellow,Travel,Yellow Travel,sit amet justo morbi ut odio cras mi pede malesuada in imperdiet et commodo
Green,Transit,Green Transit,sit amet consectetuer adipiscing elit proin interdum mauris non
Red,Inc.,Red Inc.,at velit vivamus vel nulla eget eros elementum pellentesque quisque porta volutpat
Orange,Co.,Orange Co.,etiam justo etiam pretium iaculis justo in hac habitasse platea dictumst etiam faucibus cursus
Indigo,Planners,Indigo Planners,sapien cum sociis natoque penatibus et magnis dis parturient montes nascetur ridiculus mus etiam vel
Purple,Transit,Purple Transit,sit amet consectetuer adipiscing elit proin interdum mauris non ligula pellentesque ultrices
Goldenrod,Now,Goldenrod Now,tortor id nulla ultrices aliquet maecenas leo odio condimentum
Aquamarine,Tours,Aquamarine Tours,nisi volutpat eleifend donec ut dolor morbi vel lectus in quam fringilla
Puce,Co.,Puce Co.,eget congue eget semper rutrum nulla nunc purus phasellus in felis donec semper sapien a
Goldenrod,Planners,Goldenrod Planners,luctus rutrum nulla tellus in sagittis dui vel nisl duis ac
Red,Planners,Red Planners,sapien iaculis congue vivamus metus arcu adipiscing molestie hendrerit at vulputate vitae nisl
Violet,Planners,Violet Planners,blandit mi in porttitor pede justo eu massa donec dapibus duis at
Green,Co.,Green Co.,nullam varius nulla facilisi cras non velit
Green,Inc.,Green Inc.,in consequat ut nulla sed accumsan felis ut at dolor quis odio consequat varius
Goldenrod,Tours,Goldenrod Tours,nisi vulputate nonummy maecenas tincidunt lacus at velit vivamus vel nulla eget eros
Khaki,Co.,Khaki Co.,id turpis integer aliquet massa id lobortis convallis
Puce,Tours,Puce Tours,amet erat nulla tempus vivamus in felis eu
Khaki,Now,Khaki Now,ut mauris eget massa tempor convallis nulla neque libero convallis eget eleifend
Purple,Inc.,Purple Inc.,ut mauris eget massa tempor convallis nulla neque libero convallis eget
Crimson,Tours,Crimson Tours,dolor morbi vel lectus in quam fringilla rhoncus mauris enim leo rhoncus
Puce,Co.,Puce Co.,duis faucibus accumsan odio curabitur convallis duis consequat dui nec nisi volutpat eleifend donec ut
Orange,Co.,Orange Co.,erat id mauris vulputate elementum nullam varius nulla facilisi cras non velit nec
Fuscia,Tours,Fuscia Tours,congue vivamus metus arcu adipiscing molestie hendrerit at vulputate vitae nisl aenean lectus pellentesque
Mauv,Now,Mauv Now,massa volutpat convallis morbi odio odio elementum eu interdum eu tincidunt in leo
Mauv,Travel,Mauv Travel,volutpat erat quisque erat eros viverra eget congue eget semper rutrum nulla nunc purus phasellus
Red,Travel,Red Travel,pellentesque quisque porta volutpat erat quisque erat
Aquamarine,Transit,Aquamarine Transit,maecenas leo odio condimentum id luctus nec molestie sed justo pellentesque viverra
Mauv,Inc.,Mauv Inc.,ut odio cras mi pede malesuada in imperdiet et commodo
Violet,Transit,Violet Transit,sapien ut nunc vestibulum ante ipsum primis in faucibus orci luctus et ultrices posuere cubilia
Turquoise,Inc.,Turquoise Inc.,eleifend quam a odio in hac habitasse platea dictumst maecenas ut massa quis augue luctus
Purple,Now,Purple Now,eleifend quam a odio in hac habitasse platea dictumst maecenas ut massa quis
Violet,Transit,Violet Transit,habitasse platea dictumst etiam faucibus cursus urna
Turquoise,Now,Turquoise Now,id turpis integer aliquet massa id lobortis
Purple,Inc.,Purple Inc.,nisi nam ultrices libero non mattis pulvinar nulla pede ullamcorper augue a suscipit nulla elit
Aquamarine,Inc.,Aquamarine Inc.,ipsum praesent blandit lacinia erat vestibulum sed magna at nunc commodo placerat praesent blandit nam
Teal,Planners,Teal Planners,justo etiam pretium iaculis justo in hac habitasse platea dictumst etiam faucibus cursus
Puce,Inc.,Puce Inc.,tincidunt in leo maecenas pulvinar lobortis est phasellus sit amet erat nulla tempus
Indigo,Co.,Indigo Co.,nec condimentum neque sapien placerat ante nulla justo
Puce,Transit,Puce Transit,sed tristique in tempus sit amet sem fusce consequat nulla nisl nunc nisl duis bibendum
Green,Co.,Green Co.,vulputate vitae nisl aenean lectus pellentesque eget nunc
Fuscia,Co.,Fuscia Co.,ullamcorper purus sit amet nulla quisque arcu
Yellow,Inc.,Yellow Inc.,erat id mauris vulputate elementum nullam varius nulla facilisi cras non velit nec nisi vulputate
Red,Travel,Red Travel,eget eleifend luctus ultricies eu nibh quisque id justo sit amet sapien dignissim vestibulum
Teal,Tours,Teal Tours,platea dictumst etiam faucibus cursus urna ut tellus
Turquoise,Now,Turquoise Now,in faucibus orci luctus et ultrices posuere cubilia
Maroon,Co.,Maroon Co.,et ultrices posuere cubilia curae duis faucibus accumsan odio curabitur convallis
Green,Travel,Green Travel,eu orci mauris lacinia sapien quis libero nullam sit amet
Purple,Inc.,Purple Inc.,ornare consequat lectus in est risus auctor sed tristique in tempus sit amet sem fusce
Orange,Planners,Orange Planners,risus semper porta volutpat quam pede lobortis ligula sit amet eleifend pede libero quis orci
Blue,Now,Blue Now,lorem integer tincidunt ante vel ipsum praesent blandit lacinia erat vestibulum
Yellow,Transit,Yellow Transit,pretium quis lectus suspendisse potenti in eleifend quam a odio in
Goldenrod,Co.,Goldenrod Co.,potenti in eleifend quam a odio in hac
Yellow,Planners,Yellow Planners,non velit donec diam neque vestibulum eget vulputate ut ultrices vel augue vestibulum
Fuscia,Planners,Fuscia Planners,vitae mattis nibh ligula nec sem duis aliquam convallis nunc
Pink,Now,Pink Now,a libero nam dui proin leo odio porttitor id consequat in consequat ut
Yellow,Now,Yellow Now,quis libero nullam sit amet turpis elementum ligula vehicula consequat
Purple,Planners,Purple Planners,vulputate ut ultrices vel augue vestibulum ante ipsum
Mauv,Inc.,Mauv Inc.,dolor sit amet consectetuer adipiscing elit proin interdum mauris non ligula pellentesque ultrices phasellus id
Goldenrod,Co.,Goldenrod Co.,magna vestibulum aliquet ultrices erat tortor sollicitudin mi sit amet lobortis sapien sapien
Maroon,Now,Maroon Now,montes nascetur ridiculus mus vivamus vestibulum sagittis sapien cum sociis natoque penatibus et magnis
Indigo,Tours,Indigo Tours,vivamus vel nulla eget eros elementum pellentesque
Crimson,Co.,Crimson Co.,eget eleifend luctus ultricies eu nibh quisque
Aquamarine,Co.,Aquamarine Co.,integer tincidunt ante vel ipsum praesent blandit lacinia erat vestibulum sed magna at nunc
Blue,Planners,Blue Planners,nec nisi volutpat eleifend donec ut dolor morbi vel lectus in quam fringilla rhoncus
Blue,Co.,Blue Co.,id nulla ultrices aliquet maecenas leo odio condimentum id luctus
Crimson,Inc.,Crimson Inc.,imperdiet et commodo vulputate justo in blandit ultrices enim lorem ipsum dolor sit amet consectetuer
Pink,Planners,Pink Planners,lorem ipsum dolor sit amet consectetuer adipiscing elit proin interdum
Teal,Travel,Teal Travel,dolor sit amet consectetuer adipiscing elit proin
Goldenrod,Tours,Goldenrod Tours,leo rhoncus sed vestibulum sit amet cursus id turpis integer aliquet massa
Indigo,Transit,Indigo Transit,cras pellentesque volutpat dui maecenas tristique est et
Violet,Co.,Violet Co.,nisl nunc nisl duis bibendum felis sed
Turquoise,Co.,Turquoise Co.,proin eu mi nulla ac enim in tempor turpis nec euismod scelerisque
Green,Tours,Green Tours,pede morbi porttitor lorem id ligula suspendisse ornare consequat lectus in est
Crimson,Tours,Crimson Tours,luctus et ultrices posuere cubilia curae duis faucibus accumsan odio curabitur convallis duis
Orange,Planners,Orange Planners,dapibus augue vel accumsan tellus nisi eu orci mauris lacinia sapien quis libero nullam sit
Pink,Co.,Pink Co.,vestibulum quam sapien varius ut blandit non interdum in ante
Aquamarine,Planners,Aquamarine Planners,ligula in lacus curabitur at ipsum ac tellus semper interdum mauris ullamcorper purus sit
Maroon,Travel,Maroon Travel,nulla justo aliquam quis turpis eget elit sodales
Red,Transit,Red Transit,id lobortis convallis tortor risus dapibus augue vel accumsan
Maroon,Tours,Maroon Tours,interdum mauris non ligula pellentesque ultrices phasellus id sapien in sapien iaculis
Puce,Transit,Puce Transit,justo maecenas rhoncus aliquam lacus morbi quis tortor id nulla ultrices aliquet maecenas leo
Indigo,Co.,Indigo Co.,at velit eu est congue elementum in hac habitasse platea
Blue,Planners,Blue Planners,ante vivamus tortor duis mattis egestas metus aenean fermentum donec ut mauris eget
Fuscia,Now,Fuscia Now,risus dapibus augue vel accumsan tellus nisi eu orci mauris
Purple,Transit,Purple Transit,in ante vestibulum ante ipsum primis in faucibus orci luctus et ultrices posuere cubilia
Yellow,Travel,Yellow Travel,est lacinia nisi venenatis tristique fusce congue diam id ornare imperdiet sapien urna pretium nisl
Violet,Inc.,Violet Inc.,aliquam non mauris morbi non lectus aliquam sit amet diam in magna
Puce,Now,Puce Now,at dolor quis odio consequat varius integer ac leo pellentesque ultrices
Maroon,Inc.,Maroon Inc.,quam turpis adipiscing lorem vitae mattis nibh ligula nec
Crimson,Travel,Crimson Travel,magna at nunc commodo placerat praesent blandit nam nulla integer pede justo lacinia
Red,Transit,Red Transit,felis donec semper sapien a libero nam dui proin leo
Teal,Now,Teal Now,egestas metus aenean fermentum donec ut mauris eget massa tempor convallis nulla neque
Puce,Now,Puce Now,rhoncus sed vestibulum sit amet cursus id turpis integer aliquet massa id lobortis convallis tortor
Red,Tours,Red Tours,vestibulum ante ipsum primis in faucibus orci luctus et ultrices posuere cubilia curae nulla
Purple,Now,Purple Now,etiam faucibus cursus urna ut tellus nulla ut erat id
Yellow,Transit,Yellow Transit,eu magna vulputate luctus cum sociis natoque penatibus et
Crimson,Inc.,Crimson Inc.,lacus purus aliquet at feugiat non pretium quis lectus suspendisse potenti
Crimson,Tours,Crimson Tours,ut erat curabitur gravida nisi at nibh
Mauv,Transit,Mauv Transit,integer non velit donec diam neque vestibulum eget vulputate ut ultrices vel
Goldenrod,Inc.,Goldenrod Inc.,id lobortis convallis tortor risus dapibus augue vel accumsan tellus nisi eu
Orange,Planners,Orange Planners,augue vestibulum ante ipsum primis in faucibus
Aquamarine,Now,Aquamarine Now,volutpat in congue etiam justo etiam pretium iaculis justo in hac habitasse platea dictumst etiam
Goldenrod,Transit,Goldenrod Transit,dolor sit amet consectetuer adipiscing elit proin risus praesent lectus vestibulum
Teal,Travel,Teal Travel,nulla sed accumsan felis ut at dolor
Blue,Now,Blue Now,in libero ut massa volutpat convallis morbi odio odio
Puce,Travel,Puce Travel,vel est donec odio justo sollicitudin ut suscipit a feugiat et eros
Blue,Now,Blue Now,hac habitasse platea dictumst maecenas ut massa quis augue luctus tincidunt nulla
Teal,Tours,Teal Tours,libero rutrum ac lobortis vel dapibus at
Yellow,Now,Yellow Now,non pretium quis lectus suspendisse potenti in eleifend quam a odio in
Orange,Travel,Orange Travel,accumsan tellus nisi eu orci mauris lacinia sapien
Orange,Now,Orange Now,vestibulum aliquet ultrices erat tortor sollicitudin mi sit amet
Fuscia,Co.,Fuscia Co.,tristique fusce congue diam id ornare imperdiet sapien urna pretium nisl ut volutpat sapien arcu
Green,Co.,Green Co.,rutrum at lorem integer tincidunt ante vel
Violet,Now,Violet Now,euismod scelerisque quam turpis adipiscing lorem vitae mattis nibh
Turquoise,Inc.,Turquoise Inc.,ut massa volutpat convallis morbi odio odio
Green,Travel,Green Travel,erat eros viverra eget congue eget semper rutrum nulla nunc purus phasellus
Orange,Now,Orange Now,nam dui proin leo odio porttitor id consequat in consequat ut
Purple,Inc.,Purple Inc.,nunc commodo placerat praesent blandit nam nulla integer pede justo lacinia eget tincidunt eget
Orange,Inc.,Orange Inc.,massa donec dapibus duis at velit eu est congue elementum in hac habitasse platea dictumst
Orange,Travel,Orange Travel,adipiscing elit proin interdum mauris non ligula pellentesque ultrices phasellus id sapien in sapien iaculis
Green,Transit,Green Transit,ipsum ac tellus semper interdum mauris ullamcorper purus sit amet nulla quisque arcu
Maroon,Tours,Maroon Tours,duis at velit eu est congue elementum in hac habitasse platea dictumst morbi vestibulum velit
Orange,Planners,Orange Planners,curae mauris viverra diam vitae quam suspendisse potenti nullam porttitor lacus at turpis donec posuere
Fuscia,Planners,Fuscia Planners,dignissim vestibulum vestibulum ante ipsum primis in faucibus
Yellow,Transit,Yellow Transit,nisi nam ultrices libero non mattis pulvinar nulla pede ullamcorper augue a suscipit nulla elit
Turquoise,Inc.,Turquoise Inc.,cursus vestibulum proin eu mi nulla ac enim in tempor turpis nec euismod scelerisque quam
Indigo,Inc.,Indigo Inc.,ipsum primis in faucibus orci luctus et ultrices posuere cubilia
Fuscia,Transit,Fuscia Transit,integer ac neque duis bibendum morbi non
Red,Now,Red Now,molestie nibh in lectus pellentesque at nulla suspendisse potenti cras
Goldenrod,Planners,Goldenrod Planners,dolor sit amet consectetuer adipiscing elit proin risus
Crimson,Now,Crimson Now,sapien sapien non mi integer ac neque duis bibendum morbi non quam nec dui
Orange,Transit,Orange Transit,eget rutrum at lorem integer tincidunt ante vel ipsum praesent
Green,Now,Green Now,elementum ligula vehicula consequat morbi a ipsum integer a nibh in quis justo maecenas
Violet,Travel,Violet Travel,integer non velit donec diam neque vestibulum eget vulputate ut ultrices vel augue vestibulum ante
Puce,Now,Puce Now,posuere cubilia curae nulla dapibus dolor vel est donec odio justo sollicitudin ut suscipit
Green,Transit,Green Transit,augue vel accumsan tellus nisi eu orci mauris lacinia sapien quis libero nullam sit
Indigo,Co.,Indigo Co.,nec nisi volutpat eleifend donec ut dolor morbi vel lectus in
Goldenrod,Now,Goldenrod Now,felis sed lacus morbi sem mauris laoreet ut
Indigo,Travel,Indigo Travel,a odio in hac habitasse platea dictumst maecenas ut massa quis augue
Yellow,Tours,Yellow Tours,ligula sit amet eleifend pede libero quis orci
Khaki,Planners,Khaki Planners,eget rutrum at lorem integer tincidunt ante
Fuscia,Transit,Fuscia Transit,accumsan tortor quis turpis sed ante vivamus tortor duis mattis
Aquamarine,Transit,Aquamarine Transit,ligula vehicula consequat morbi a ipsum integer a nibh in quis justo maecenas rhoncus aliquam
Crimson,Inc.,Crimson Inc.,proin risus praesent lectus vestibulum quam sapien varius ut blandit non interdum in ante
Red,Now,Red Now,sapien ut nunc vestibulum ante ipsum primis
Teal,Inc.,Teal Inc.,justo pellentesque viverra pede ac diam cras
Green,Travel,Green Travel,auctor sed tristique in tempus sit amet
Green,Planners,Green Planners,morbi quis tortor id nulla ultrices aliquet maecenas leo odio
Pink,Planners,Pink Planners,vivamus metus arcu adipiscing molestie hendrerit at vulputate vitae nisl aenean lectus pellentesque eget nunc
Khaki,Now,Khaki Now,sodales scelerisque mauris sit amet eros suspendisse accumsan tortor quis turpis
Blue,Co.,Blue Co.,donec dapibus duis at velit eu est congue elementum in
Purple,Now,Purple Now,proin risus praesent lectus vestibulum quam sapien varius
Green,Now,Green Now,quam fringilla rhoncus mauris enim leo rhoncus sed vestibulum sit amet cursus
Pink,Planners,Pink Planners,cum sociis natoque penatibus et magnis dis parturient montes nascetur ridiculus mus etiam vel
Khaki,Inc.,Khaki Inc.,ut at dolor quis odio consequat varius integer ac
Teal,Now,Teal Now,lobortis ligula sit amet eleifend pede libero quis orci nullam molestie nibh in
Pink,Transit,Pink Transit,nullam molestie nibh in lectus pellentesque at nulla suspendisse potenti cras in purus eu magna
Orange,Co.,Orange Co.,morbi porttitor lorem id ligula suspendisse ornare consequat lectus in est risus auctor sed tristique
Blue,Planners,Blue Planners,quisque arcu libero rutrum ac lobortis vel
Khaki,Planners,Khaki Planners,at nunc commodo placerat praesent blandit nam
Fuscia,Travel,Fuscia Travel,pede posuere nonummy integer non velit donec diam neque
Maroon,Now,Maroon Now,ligula nec sem duis aliquam convallis nunc proin at turpis a pede posuere nonummy integer
Pink,Tours,Pink Tours,tellus semper interdum mauris ullamcorper purus sit amet nulla quisque arcu libero
Khaki,Transit,Khaki Transit,sed justo pellentesque viverra pede ac diam cras pellentesque volutpat dui maecenas tristique
Khaki,Inc.,Khaki Inc.,quisque porta volutpat erat quisque erat eros viverra eget congue
Khaki,Travel,Khaki Travel,elit proin interdum mauris non ligula pellentesque ultrices phasellus id
Purple,Now,Purple Now,mi nulla ac enim in tempor turpis
Red,Co.,Red Co.,et ultrices posuere cubilia curae duis faucibus accumsan odio curabitur
Puce,Planners,Puce Planners,dis parturient montes nascetur ridiculus mus vivamus vestibulum sagittis sapien cum sociis natoque penatibus et
Aquamarine,Inc.,Aquamarine Inc.,etiam pretium iaculis justo in hac habitasse platea dictumst etiam faucibus cursus urna ut tellus
Pink,Planners,Pink Planners,quis odio consequat varius integer ac leo pellentesque ultrices mattis odio donec vitae nisi nam
Maroon,Travel,Maroon Travel,a pede posuere nonummy integer non velit donec diam neque vestibulum eget vulputate ut
Puce,Transit,Puce Transit,vitae quam suspendisse potenti nullam porttitor lacus at turpis
Fuscia,Tours,Fuscia Tours,luctus et ultrices posuere cubilia curae mauris viverra diam vitae quam suspendisse potenti nullam
Orange,Inc.,Orange Inc.,congue risus semper porta volutpat quam pede lobortis ligula sit amet eleifend pede
Maroon,Inc.,Maroon Inc.,erat fermentum justo nec condimentum neque sapien placerat
Khaki,Transit,Khaki Transit,nunc proin at turpis a pede posuere
Yellow,Planners,Yellow Planners,commodo vulputate justo in blandit ultrices enim
Blue,Planners,Blue Planners,est et tempus semper est quam pharetra magna ac consequat
Yellow,Travel,Yellow Travel,pede justo eu massa donec dapibus duis at velit eu
Yellow,Travel,Yellow Travel,quam pede lobortis ligula sit amet eleifend pede libero quis orci nullam molestie nibh in
Khaki,Inc.,Khaki Inc.,libero quis orci nullam molestie nibh in lectus pellentesque at
Mauv,Transit,Mauv Transit,integer aliquet massa id lobortis convallis tortor risus dapibus augue vel
Red,Co.,Red Co.,lacinia aenean sit amet justo morbi ut odio cras mi
Puce,Tours,Puce Tours,venenatis turpis enim blandit mi in porttitor pede justo eu massa donec dapibus
Goldenrod,Transit,Goldenrod Transit,consequat metus sapien ut nunc vestibulum ante ipsum primis in faucibus orci luctus
Khaki,Inc.,Khaki Inc.,dictumst morbi vestibulum velit id pretium iaculis diam erat fermentum justo nec
Green,Transit,Green Transit,sodales sed tincidunt eu felis fusce posuere felis sed
Orange,Now,Orange Now,turpis integer aliquet massa id lobortis convallis tortor risus dapibus augue
Turquoise,Tours,Turquoise Tours,id nisl venenatis lacinia aenean sit amet justo
Yellow,Tours,Yellow Tours,morbi ut odio cras mi pede malesuada in imperdiet
Khaki,Tours,Khaki Tours,sed vel enim sit amet nunc viverra dapibus nulla suscipit ligula in lacus
Khaki,Co.,Khaki Co.,eget tempus vel pede morbi porttitor lorem id
Goldenrod,Tours,Goldenrod Tours,eget nunc donec quis orci eget orci vehicula condimentum curabitur in libero ut massa
Crimson,Now,Crimson Now,curae donec pharetra magna vestibulum aliquet ultrices erat tortor sollicitudin mi
Indigo,Tours,Indigo Tours,facilisi cras non velit nec nisi vulputate nonummy maecenas tincidunt lacus
Puce,Co.,Puce Co.,ipsum primis in faucibus orci luctus et ultrices posuere cubilia curae
Khaki,Transit,Khaki Transit,cum sociis natoque penatibus et magnis dis parturient montes nascetur ridiculus mus etiam
Turquoise,Co.,Turquoise Co.,ligula suspendisse ornare consequat lectus in est risus auctor sed tristique in tempus sit amet
Turquoise,Tours,Turquoise Tours,donec semper sapien a libero nam dui proin leo odio porttitor id consequat in
Purple,Co.,Purple Co.,rhoncus sed vestibulum sit amet cursus id turpis integer aliquet massa id
Violet,Planners,Violet Planners,rhoncus aliquet pulvinar sed nisl nunc rhoncus dui vel sem sed sagittis
Mauv,Inc.,Mauv Inc.,urna ut tellus nulla ut erat id mauris vulputate elementum nullam varius nulla
Green,Transit,Green Transit,rhoncus sed vestibulum sit amet cursus id turpis integer aliquet
Pink,Co.,Pink Co.,mattis pulvinar nulla pede ullamcorper augue a suscipit nulla elit
Yellow,Travel,Yellow Travel,ut mauris eget massa tempor convallis nulla neque libero convallis eget eleifend luctus ultricies
Orange,Travel,Orange Travel,nisl nunc rhoncus dui vel sem sed sagittis nam congue risus semper porta volutpat quam
Maroon,Transit,Maroon Transit,rhoncus dui vel sem sed sagittis nam congue
Maroon,Inc.,Maroon Inc.,turpis integer aliquet massa id lobortis convallis tortor risus dapibus augue vel
Turquoise,Now,Turquoise Now,morbi vel lectus in quam fringilla rhoncus mauris enim leo rhoncus sed vestibulum sit amet
Turquoise,Travel,Turquoise Travel,vestibulum velit id pretium iaculis diam erat fermentum justo nec condimentum neque sapien placerat ante
Purple,Now,Purple Now,cras mi pede malesuada in imperdiet et commodo vulputate
Maroon,Planners,Maroon Planners,turpis adipiscing lorem vitae mattis nibh ligula
Goldenrod,Co.,Goldenrod Co.,in porttitor pede justo eu massa donec dapibus duis at velit
Teal,Inc.,Teal Inc.,suscipit nulla elit ac nulla sed vel enim sit amet
Blue,Transit,Blue Transit,velit nec nisi vulputate nonummy maecenas tincidunt lacus at velit
Purple,Transit,Purple Transit,mauris non ligula pellentesque ultrices phasellus id sapien in sapien iaculis
Puce,Co.,Puce Co.,vel augue vestibulum rutrum rutrum neque aenean
Red,Now,Red Now,consectetuer eget rutrum at lorem integer tincidunt ante vel ipsum
Goldenrod,Tours,Goldenrod Tours,nisl venenatis lacinia aenean sit amet justo morbi ut odio
Orange,Inc.,Orange Inc.,eget eros elementum pellentesque quisque porta volutpat erat
Aquamarine,Travel,Aquamarine Travel,maecenas tristique est et tempus semper est quam pharetra magna ac consequat
Purple,Co.,Purple Co.,ut rhoncus aliquet pulvinar sed nisl nunc rhoncus dui vel sem sed sagittis nam
Mauv,Transit,Mauv Transit,arcu libero rutrum ac lobortis vel dapibus at diam nam tristique
Turquoise,Planners,Turquoise Planners,nisi volutpat eleifend donec ut dolor morbi vel lectus in quam
Turquoise,Planners,Turquoise Planners,aliquet massa id lobortis convallis tortor risus dapibus augue vel accumsan
Puce,Tours,Puce Tours,in imperdiet et commodo vulputate justo in blandit ultrices enim
Green,Now,Green Now,sed ante vivamus tortor duis mattis egestas metus aenean fermentum donec ut mauris eget
Goldenrod,Transit,Goldenrod Transit,curabitur convallis duis consequat dui nec nisi volutpat eleifend donec ut dolor morbi
Green,Tours,Green Tours,vitae quam suspendisse potenti nullam porttitor lacus at turpis donec posuere
Blue,Co.,Blue Co.,maecenas ut massa quis augue luctus tincidunt nulla mollis molestie lorem
Puce,Co.,Puce Co.,in eleifend quam a odio in hac habitasse platea
Violet,Planners,Violet Planners,eu felis fusce posuere felis sed lacus morbi sem mauris laoreet ut rhoncus aliquet pulvinar
Orange,Tours,Orange Tours,ut blandit non interdum in ante vestibulum ante
Fuscia,Tours,Fuscia Tours,ut massa quis augue luctus tincidunt nulla
Crimson,Transit,Crimson Transit,libero quis orci nullam molestie nibh in lectus pellentesque
Blue,Tours,Blue Tours,vel nulla eget eros elementum pellentesque quisque porta volutpat erat quisque erat
Fuscia,Transit,Fuscia Transit,nulla ac enim in tempor turpis nec euismod scelerisque quam turpis adipiscing lorem vitae mattis
Khaki,Tours,Khaki Tours,vivamus in felis eu sapien cursus vestibulum proin eu mi nulla ac
Green,Co.,Green Co.,magna at nunc commodo placerat praesent blandit nam nulla integer pede justo lacinia
Puce,Co.,Puce Co.,lorem ipsum dolor sit amet consectetuer adipiscing elit proin risus praesent
Teal,Planners,Teal Planners,dictumst maecenas ut massa quis augue luctus tincidunt nulla
Mauv,Now,Mauv Now,fusce consequat nulla nisl nunc nisl duis
Purple,Transit,Purple Transit,in leo maecenas pulvinar lobortis est phasellus sit amet
Violet,Tours,Violet Tours,purus sit amet nulla quisque arcu libero
Blue,Now,Blue Now,viverra eget congue eget semper rutrum nulla nunc
Khaki,Planners,Khaki Planners,nulla mollis molestie lorem quisque ut erat curabitur gravida nisi at nibh in
Indigo,Inc.,Indigo Inc.,turpis enim blandit mi in porttitor pede justo eu massa donec dapibus duis
Aquamarine,Co.,Aquamarine Co.,sed tristique in tempus sit amet sem fusce consequat nulla
Yellow,Travel,Yellow Travel,sodales sed tincidunt eu felis fusce posuere felis sed lacus
Red,Planners,Red Planners,non mattis pulvinar nulla pede ullamcorper augue a suscipit nulla elit ac
Yellow,Travel,Yellow Travel,purus eu magna vulputate luctus cum sociis natoque penatibus et magnis dis parturient montes
Indigo,Co.,Indigo Co.,dui maecenas tristique est et tempus semper est quam pharetra magna ac consequat
Aquamarine,Co.,Aquamarine Co.,lacinia nisi venenatis tristique fusce congue diam id ornare
Teal,Planners,Teal Planners,porta volutpat erat quisque erat eros viverra
Turquoise,Planners,Turquoise Planners,pellentesque eget nunc donec quis orci eget orci vehicula condimentum curabitur in libero
Red,Planners,Red Planners,porttitor lorem id ligula suspendisse ornare consequat lectus in est risus auctor
Green,Planners,Green Planners,consequat ut nulla sed accumsan felis ut at dolor quis odio consequat varius integer
Khaki,Transit,Khaki Transit,proin at turpis a pede posuere nonummy integer non velit
Mauv,Tours,Mauv Tours,et eros vestibulum ac est lacinia nisi venenatis tristique fusce congue diam id ornare
Yellow,Planners,Yellow Planners,eget vulputate ut ultrices vel augue vestibulum ante ipsum primis
Red,Planners,Red Planners,nibh in lectus pellentesque at nulla suspendisse potenti cras in purus eu magna vulputate
Red,Planners,Red Planners,sit amet turpis elementum ligula vehicula consequat morbi a ipsum integer a nibh in quis
Blue,Tours,Blue Tours,sit amet consectetuer adipiscing elit proin interdum
Orange,Inc.,Orange Inc.,blandit nam nulla integer pede justo lacinia eget tincidunt eget tempus vel pede morbi porttitor
Fuscia,Transit,Fuscia Transit,hac habitasse platea dictumst morbi vestibulum velit id pretium iaculis diam erat fermentum justo
Teal,Co.,Teal Co.,ac enim in tempor turpis nec euismod scelerisque quam turpis adipiscing lorem vitae mattis nibh
Violet,Now,Violet Now,fusce lacus purus aliquet at feugiat non pretium quis lectus suspendisse potenti in
Violet,Inc.,Violet Inc.,eros suspendisse accumsan tortor quis turpis sed
Puce,Planners,Puce Planners,id justo sit amet sapien dignissim vestibulum vestibulum ante ipsum primis
Goldenrod,Travel,Goldenrod Travel,felis donec semper sapien a libero nam dui proin leo odio porttitor id consequat in
Purple,Co.,Purple Co.,vel est donec odio justo sollicitudin ut
Aquamarine,Travel,Aquamarine Travel,hac habitasse platea dictumst maecenas ut massa quis
Crimson,Tours,Crimson Tours,libero quis orci nullam molestie nibh in lectus pellentesque at nulla suspendisse potenti cras
Turquoise,Planners,Turquoise Planners,amet cursus id turpis integer aliquet massa
Turquoise,Planners,Turquoise Planners,in eleifend quam a odio in hac
Khaki,Planners,Khaki Planners,sed justo pellentesque viverra pede ac diam cras pellentesque
Goldenrod,Inc.,Goldenrod Inc.,in tempus sit amet sem fusce consequat nulla
Green,Inc.,Green Inc.,mi pede malesuada in imperdiet et commodo vulputate justo in blandit ultrices enim lorem ipsum
Goldenrod,Inc.,Goldenrod Inc.,nisi volutpat eleifend donec ut dolor morbi vel lectus
Aquamarine,Now,Aquamarine Now,eu orci mauris lacinia sapien quis libero
Teal,Co.,Teal Co.,nascetur ridiculus mus etiam vel augue vestibulum
Maroon,Planners,Maroon Planners,in felis eu sapien cursus vestibulum proin eu mi nulla
Aquamarine,Tours,Aquamarine Tours,nulla neque libero convallis eget eleifend luctus ultricies eu nibh quisque
Goldenrod,Now,Goldenrod Now,pellentesque viverra pede ac diam cras pellentesque volutpat dui maecenas tristique est et tempus semper
Turquoise,Travel,Turquoise Travel,proin leo odio porttitor id consequat in consequat
Teal,Now,Teal Now,nisl venenatis lacinia aenean sit amet justo
Puce,Travel,Puce Travel,mus vivamus vestibulum sagittis sapien cum sociis
Puce,Co.,Puce Co.,cras mi pede malesuada in imperdiet et commodo
Indigo,Tours,Indigo Tours,lacus curabitur at ipsum ac tellus semper interdum mauris ullamcorper
Goldenrod,Transit,Goldenrod Transit,in felis eu sapien cursus vestibulum proin eu mi nulla ac enim
Maroon,Transit,Maroon Transit,rhoncus aliquam lacus morbi quis tortor id nulla ultrices aliquet maecenas leo
Khaki,Tours,Khaki Tours,maecenas rhoncus aliquam lacus morbi quis tortor id nulla ultrices
Yellow,Travel,Yellow Travel,diam cras pellentesque volutpat dui maecenas tristique est et tempus semper est quam pharetra
Violet,Co.,Violet Co.,diam in magna bibendum imperdiet nullam orci pede venenatis non sodales sed tincidunt eu
Indigo,Inc.,Indigo Inc.,purus sit amet nulla quisque arcu libero
Yellow,Planners,Yellow Planners,ultrices vel augue vestibulum ante ipsum primis in faucibus orci luctus et ultrices posuere
Violet,Inc.,Violet Inc.,sit amet diam in magna bibendum imperdiet nullam
Yellow,Planners,Yellow Planners,ut odio cras mi pede malesuada in imperdiet et commodo vulputate justo in blandit
Puce,Travel,Puce Travel,integer ac leo pellentesque ultrices mattis odio donec vitae nisi nam ultrices libero
Khaki,Transit,Khaki Transit,amet erat nulla tempus vivamus in felis eu sapien cursus vestibulum
Turquoise,Planners,Turquoise Planners,accumsan felis ut at dolor quis odio consequat varius integer ac leo pellentesque ultrices
Aquamarine,Inc.,Aquamarine Inc.,bibendum imperdiet nullam orci pede venenatis non sodales sed tincidunt eu felis fusce posuere
Fuscia,Now,Fuscia Now,ut rhoncus aliquet pulvinar sed nisl nunc
Maroon,Tours,Maroon Tours,eget rutrum at lorem integer tincidunt ante vel ipsum praesent
Green,Now,Green Now,faucibus orci luctus et ultrices posuere cubilia curae nulla dapibus dolor vel est
Goldenrod,Inc.,Goldenrod Inc.,adipiscing lorem vitae mattis nibh ligula nec sem duis aliquam
Mauv,Transit,Mauv Transit,est quam pharetra magna ac consequat metus sapien ut nunc vestibulum
Indigo,Co.,Indigo Co.,pede posuere nonummy integer non velit donec diam neque vestibulum eget
Crimson,Co.,Crimson Co.,maecenas rhoncus aliquam lacus morbi quis tortor id nulla ultrices
Turquoise,Co.,Turquoise Co.,arcu sed augue aliquam erat volutpat in congue etiam justo etiam pretium
Mauv,Tours,Mauv Tours,purus phasellus in felis donec semper sapien a libero nam dui
Mauv,Transit,Mauv Transit,lacus curabitur at ipsum ac tellus semper interdum mauris ullamcorper purus
Teal,Transit,Teal Transit,posuere nonummy integer non velit donec diam neque vestibulum
Green,Planners,Green Planners,volutpat dui maecenas tristique est et tempus semper est
Purple,Travel,Purple Travel,pharetra magna vestibulum aliquet ultrices erat tortor sollicitudin mi sit amet lobortis sapien sapien non
Puce,Travel,Puce Travel,ante vivamus tortor duis mattis egestas metus aenean
Aquamarine,Now,Aquamarine Now,odio condimentum id luctus nec molestie sed justo pellentesque
Indigo,Tours,Indigo Tours,sit amet eros suspendisse accumsan tortor quis turpis sed ante vivamus tortor duis mattis
Crimson,Inc.,Crimson Inc.,diam cras pellentesque volutpat dui maecenas tristique est et tempus semper est quam pharetra magna
Fuscia,Now,Fuscia Now,ac nulla sed vel enim sit amet nunc viverra dapibus
Purple,Now,Purple Now,potenti cras in purus eu magna vulputate luctus cum sociis natoque penatibus et magnis
Pink,Co.,Pink Co.,lacinia eget tincidunt eget tempus vel pede morbi porttitor
Indigo,Transit,Indigo Transit,fusce posuere felis sed lacus morbi sem mauris
Khaki,Planners,Khaki Planners,ut volutpat sapien arcu sed augue aliquam erat volutpat in congue etiam justo
Yellow,Now,Yellow Now,pretium iaculis diam erat fermentum justo nec condimentum
Goldenrod,Co.,Goldenrod Co.,convallis tortor risus dapibus augue vel accumsan tellus nisi eu orci
Purple,Transit,Purple Transit,rutrum neque aenean auctor gravida sem praesent id massa id
Orange,Now,Orange Now,ipsum primis in faucibus orci luctus et ultrices
Goldenrod,Tours,Goldenrod Tours,libero nam dui proin leo odio porttitor id consequat in
Aquamarine,Now,Aquamarine Now,hac habitasse platea dictumst morbi vestibulum velit id pretium iaculis diam erat
Crimson,Tours,Crimson Tours,nulla tempus vivamus in felis eu sapien cursus vestibulum
Green,Travel,Green Travel,ut mauris eget massa tempor convallis nulla
Turquoise,Transit,Turquoise Transit,eros vestibulum ac est lacinia nisi venenatis tristique fusce congue diam id ornare imperdiet sapien
Violet,Planners,Violet Planners,pede justo lacinia eget tincidunt eget tempus vel pede morbi porttitor
Blue,Tours,Blue Tours,vitae consectetuer eget rutrum at lorem integer tincidunt ante vel ipsum praesent
Green,Transit,Green Transit,placerat ante nulla justo aliquam quis turpis eget elit sodales scelerisque mauris
Orange,Inc.,Orange Inc.,sit amet eleifend pede libero quis orci nullam molestie nibh in lectus pellentesque at nulla
Turquoise,Transit,Turquoise Transit,platea dictumst maecenas ut massa quis augue luctus tincidunt nulla
Khaki,Tours,Khaki Tours,elit ac nulla sed vel enim sit amet
Yellow,Tours,Yellow Tours,sit amet diam in magna bibendum imperdiet nullam orci pede venenatis non sodales sed
Orange,Travel,Orange Travel,lacus at velit vivamus vel nulla eget eros
Green,Tours,Green Tours,amet consectetuer adipiscing elit proin interdum mauris
Fuscia,Co.,Fuscia Co.,ut rhoncus aliquet pulvinar sed nisl nunc rhoncus dui vel sem sed sagittis nam
Teal,Transit,Teal Transit,mi pede malesuada in imperdiet et commodo vulputate justo
Indigo,Now,Indigo Now,odio in hac habitasse platea dictumst maecenas ut massa
Turquoise,Co.,Turquoise Co.,quis odio consequat varius integer ac leo pellentesque ultrices mattis odio donec vitae nisi
Green,Travel,Green Travel,tempus semper est quam pharetra magna ac consequat metus sapien ut nunc vestibulum ante ipsum
Pink,Planners,Pink Planners,luctus et ultrices posuere cubilia curae mauris viverra diam vitae quam suspendisse potenti nullam
Mauv,Planners,Mauv Planners,mus etiam vel augue vestibulum rutrum rutrum neque aenean auctor gravida sem
Teal,Transit,Teal Transit,viverra eget congue eget semper rutrum nulla nunc purus phasellus in felis donec
Mauv,Travel,Mauv Travel,nulla integer pede justo lacinia eget tincidunt eget tempus vel pede morbi porttitor
Pink,Travel,Pink Travel,nisl nunc nisl duis bibendum felis sed interdum venenatis turpis enim blandit
Crimson,Inc.,Crimson Inc.,sit amet justo morbi ut odio cras mi pede malesuada
Orange,Tours,Orange Tours,suspendisse potenti in eleifend quam a odio in hac habitasse platea dictumst maecenas ut massa
Khaki,Inc.,Khaki Inc.,in imperdiet et commodo vulputate justo in blandit ultrices enim lorem ipsum
Crimson,Inc.,Crimson Inc.,velit vivamus vel nulla eget eros elementum pellentesque quisque porta volutpat erat quisque erat eros
Puce,Travel,Puce Travel,donec posuere metus vitae ipsum aliquam non mauris morbi non lectus
Mauv,Co.,Mauv Co.,dui luctus rutrum nulla tellus in sagittis dui vel
Crimson,Now,Crimson Now,donec pharetra magna vestibulum aliquet ultrices erat tortor sollicitudin mi sit amet lobortis
Goldenrod,Now,Goldenrod Now,sed sagittis nam congue risus semper porta volutpat quam pede lobortis
Teal,Inc.,Teal Inc.,purus sit amet nulla quisque arcu libero rutrum ac
Turquoise,Now,Turquoise Now,eget orci vehicula condimentum curabitur in libero
Puce,Travel,Puce Travel,in ante vestibulum ante ipsum primis in
Red,Tours,Red Tours,venenatis tristique fusce congue diam id ornare imperdiet sapien
Maroon,Inc.,Maroon Inc.,dui maecenas tristique est et tempus semper est quam
Blue,Co.,Blue Co.,eu magna vulputate luctus cum sociis natoque penatibus et magnis
Red,Tours,Red Tours,non interdum in ante vestibulum ante ipsum primis in faucibus
Teal,Tours,Teal Tours,lobortis est phasellus sit amet erat nulla
Pink,Planners,Pink Planners,porta volutpat quam pede lobortis ligula sit amet
Purple,Co.,Purple Co.,morbi non quam nec dui luctus rutrum nulla tellus in sagittis dui vel
Fuscia,Transit,Fuscia Transit,nam ultrices libero non mattis pulvinar nulla pede ullamcorper augue
Purple,Now,Purple Now,nullam orci pede venenatis non sodales sed tincidunt eu felis fusce posuere felis sed lacus
Mauv,Planners,Mauv Planners,suspendisse potenti in eleifend quam a odio in hac habitasse
Khaki,Tours,Khaki Tours,lacus at velit vivamus vel nulla eget eros elementum pellentesque quisque
Pink,Tours,Pink Tours,egestas metus aenean fermentum donec ut mauris eget
Orange,Tours,Orange Tours,fusce consequat nulla nisl nunc nisl duis bibendum felis
Turquoise,Now,Turquoise Now,tincidunt lacus at velit vivamus vel nulla eget eros elementum
Indigo,Travel,Indigo Travel,pulvinar lobortis est phasellus sit amet erat nulla tempus vivamus in felis
Khaki,Inc.,Khaki Inc.,ut erat id mauris vulputate elementum nullam varius nulla facilisi cras non velit nec nisi
Blue,Now,Blue Now,placerat praesent blandit nam nulla integer pede justo lacinia
Maroon,Co.,Maroon Co.,sed augue aliquam erat volutpat in congue etiam
Yellow,Travel,Yellow Travel,metus vitae ipsum aliquam non mauris morbi non lectus aliquam sit amet diam
Khaki,Now,Khaki Now,donec pharetra magna vestibulum aliquet ultrices erat tortor sollicitudin
Goldenrod,Co.,Goldenrod Co.,ultrices posuere cubilia curae donec pharetra magna vestibulum aliquet ultrices erat tortor
Turquoise,Travel,Turquoise Travel,quis turpis sed ante vivamus tortor duis mattis egestas metus
Mauv,Tours,Mauv Tours,turpis elementum ligula vehicula consequat morbi a ipsum integer a nibh in quis justo
Teal,Tours,Teal Tours,vestibulum ante ipsum primis in faucibus orci luctus et ultrices posuere cubilia curae mauris
Aquamarine,Co.,Aquamarine Co.,ultrices posuere cubilia curae nulla dapibus dolor vel est donec odio justo sollicitudin ut
Violet,Transit,Violet Transit,in eleifend quam a odio in hac habitasse
Pink,Travel,Pink Travel,accumsan odio curabitur convallis duis consequat dui nec nisi volutpat eleifend donec
Goldenrod,Transit,Goldenrod Transit,lorem ipsum dolor sit amet consectetuer adipiscing elit proin interdum mauris
Pink,Inc.,Pink Inc.,lobortis est phasellus sit amet erat nulla tempus vivamus in felis
Green,Travel,Green Travel,habitasse platea dictumst morbi vestibulum velit id
Fuscia,Planners,Fuscia Planners,orci eget orci vehicula condimentum curabitur in libero ut massa
Goldenrod,Transit,Goldenrod Transit,lacinia nisi venenatis tristique fusce congue diam id
Blue,Tours,Blue Tours,sollicitudin mi sit amet lobortis sapien sapien non
Khaki,Planners,Khaki Planners,amet consectetuer adipiscing elit proin interdum mauris non ligula
Mauv,Now,Mauv Now,faucibus orci luctus et ultrices posuere cubilia curae mauris viverra diam
Khaki,Planners,Khaki Planners,pede libero quis orci nullam molestie nibh in lectus pellentesque at nulla suspendisse potenti cras
Crimson,Inc.,Crimson Inc.,magna bibendum imperdiet nullam orci pede venenatis non sodales sed tincidunt eu felis
Maroon,Tours,Maroon Tours,sodales sed tincidunt eu felis fusce posuere
Purple,Now,Purple Now,arcu libero rutrum ac lobortis vel dapibus at
Goldenrod,Transit,Goldenrod Transit,amet eleifend pede libero quis orci nullam
Violet,Tours,Violet Tours,odio justo sollicitudin ut suscipit a feugiat et eros vestibulum ac est
Aquamarine,Transit,Aquamarine Transit,diam in magna bibendum imperdiet nullam orci pede venenatis
Teal,Now,Teal Now,justo sollicitudin ut suscipit a feugiat et eros
Puce,Tours,Puce Tours,lobortis convallis tortor risus dapibus augue vel accumsan tellus nisi eu orci
Purple,Now,Purple Now,aliquam non mauris morbi non lectus aliquam sit amet diam
Fuscia,Travel,Fuscia Travel,ultrices libero non mattis pulvinar nulla pede ullamcorper augue a suscipit nulla elit ac
Aquamarine,Inc.,Aquamarine Inc.,volutpat in congue etiam justo etiam pretium iaculis justo in hac habitasse
Pink,Transit,Pink Transit,venenatis tristique fusce congue diam id ornare
Violet,Inc.,Violet Inc.,dignissim vestibulum vestibulum ante ipsum primis in faucibus orci luctus et ultrices posuere cubilia
Turquoise,Planners,Turquoise Planners,at vulputate vitae nisl aenean lectus pellentesque eget nunc donec quis orci
Pink,Co.,Pink Co.,tempor turpis nec euismod scelerisque quam turpis adipiscing lorem vitae mattis nibh ligula nec
Pink,Tours,Pink Tours,rutrum nulla tellus in sagittis dui vel nisl duis ac nibh fusce lacus
Turquoise,Travel,Turquoise Travel,dolor sit amet consectetuer adipiscing elit proin interdum mauris non ligula pellentesque ultrices
Puce,Planners,Puce Planners,dui vel sem sed sagittis nam congue risus
Indigo,Transit,Indigo Transit,cubilia curae duis faucibus accumsan odio curabitur convallis duis consequat dui nec
Fuscia,Tours,Fuscia Tours,id sapien in sapien iaculis congue vivamus metus arcu
Blue,Now,Blue Now,tortor risus dapibus augue vel accumsan tellus nisi eu orci mauris lacinia sapien
Crimson,Co.,Crimson Co.,magnis dis parturient montes nascetur ridiculus mus vivamus vestibulum sagittis sapien cum sociis natoque
Crimson,Co.,Crimson Co.,ut blandit non interdum in ante vestibulum ante ipsum primis in faucibus orci luctus et
Red,Travel,Red Travel,iaculis congue vivamus metus arcu adipiscing molestie hendrerit at vulputate vitae nisl aenean lectus pellentesque
Red,Tours,Red Tours,morbi non quam nec dui luctus rutrum nulla tellus in sagittis
Green,Now,Green Now,eget vulputate ut ultrices vel augue vestibulum ante ipsum primis in faucibus
Orange,Planners,Orange Planners,augue a suscipit nulla elit ac nulla sed vel enim
Teal,Co.,Teal Co.,mattis pulvinar nulla pede ullamcorper augue a suscipit nulla elit ac nulla
Khaki,Travel,Khaki Travel,congue diam id ornare imperdiet sapien urna pretium nisl
Blue,Tours,Blue Tours,congue risus semper porta volutpat quam pede lobortis ligula sit amet eleifend pede libero quis
Purple,Co.,Purple Co.,magna at nunc commodo placerat praesent blandit
Crimson,Co.,Crimson Co.,pede ac diam cras pellentesque volutpat dui maecenas tristique
Mauv,Transit,Mauv Transit,sapien ut nunc vestibulum ante ipsum primis in faucibus orci luctus et ultrices posuere
Maroon,Co.,Maroon Co.,non velit donec diam neque vestibulum eget vulputate
Orange,Now,Orange Now,lectus pellentesque at nulla suspendisse potenti cras
Turquoise,Tours,Turquoise Tours,orci pede venenatis non sodales sed tincidunt eu felis fusce posuere felis sed lacus morbi
Teal,Transit,Teal Transit,quam nec dui luctus rutrum nulla tellus in sagittis dui vel nisl duis ac nibh
Puce,Co.,Puce Co.,in hac habitasse platea dictumst aliquam augue quam sollicitudin vitae consectetuer eget rutrum at
Khaki,Now,Khaki Now,et magnis dis parturient montes nascetur ridiculus mus etiam vel augue
Indigo,Tours,Indigo Tours,velit id pretium iaculis diam erat fermentum justo nec condimentum
Green,Tours,Green Tours,curae duis faucibus accumsan odio curabitur convallis
Aquamarine,Travel,Aquamarine Travel,amet erat nulla tempus vivamus in felis eu sapien cursus vestibulum proin
Indigo,Planners,Indigo Planners,aliquam augue quam sollicitudin vitae consectetuer eget rutrum at lorem integer tincidunt ante
Orange,Transit,Orange Transit,praesent blandit lacinia erat vestibulum sed magna at
Turquoise,Transit,Turquoise Transit,turpis enim blandit mi in porttitor pede justo eu massa donec
Green,Tours,Green Tours,amet nulla quisque arcu libero rutrum ac lobortis vel dapibus at diam nam tristique tortor
Mauv,Inc.,Mauv Inc.,libero non mattis pulvinar nulla pede ullamcorper augue a suscipit nulla elit ac nulla
Puce,Transit,Puce Transit,maecenas leo odio condimentum id luctus nec molestie sed justo
Violet,Transit,Violet Transit,at turpis a pede posuere nonummy integer non velit donec diam neque vestibulum eget
Mauv,Travel,Mauv Travel,non ligula pellentesque ultrices phasellus id sapien in sapien iaculis congue vivamus metus
Crimson,Tours,Crimson Tours,rhoncus mauris enim leo rhoncus sed vestibulum sit amet cursus id turpis integer aliquet massa
Green,Co.,Green Co.,interdum eu tincidunt in leo maecenas pulvinar lobortis est phasellus
Teal,Co.,Teal Co.,consequat ut nulla sed accumsan felis ut at dolor quis
Teal,Travel,Teal Travel,ornare consequat lectus in est risus auctor sed
Mauv,Now,Mauv Now,fermentum justo nec condimentum neque sapien placerat ante
Green,Tours,Green Tours,eu mi nulla ac enim in tempor
Red,Inc.,Red Inc.,velit nec nisi vulputate nonummy maecenas tincidunt lacus at velit vivamus vel nulla eget eros
Red,Transit,Red Transit,nibh ligula nec sem duis aliquam convallis nunc proin at turpis a pede posuere nonummy
Mauv,Transit,Mauv Transit,vestibulum sit amet cursus id turpis integer aliquet massa id lobortis convallis tortor risus dapibus
Teal,Tours,Teal Tours,consectetuer eget rutrum at lorem integer tincidunt ante vel ipsum praesent blandit
Green,Now,Green Now,nulla tempus vivamus in felis eu sapien cursus vestibulum proin eu mi nulla
Fuscia,Inc.,Fuscia Inc.,morbi odio odio elementum eu interdum eu
Goldenrod,Tours,Goldenrod Tours,ligula pellentesque ultrices phasellus id sapien in sapien iaculis congue vivamus metus arcu adipiscing molestie
Khaki,Travel,Khaki Travel,interdum mauris ullamcorper purus sit amet nulla quisque arcu libero rutrum ac lobortis
Orange,Inc.,Orange Inc.,sagittis dui vel nisl duis ac nibh fusce lacus purus
Indigo,Tours,Indigo Tours,pellentesque volutpat dui maecenas tristique est et tempus semper est quam pharetra magna
Purple,Co.,Purple Co.,at velit eu est congue elementum in hac habitasse platea
Violet,Transit,Violet Transit,morbi vestibulum velit id pretium iaculis diam erat fermentum justo nec condimentum neque sapien placerat
Turquoise,Travel,Turquoise Travel,lacus at velit vivamus vel nulla eget eros elementum
Yellow,Co.,Yellow Co.,tempus vivamus in felis eu sapien cursus
Red,Now,Red Now,curae duis faucibus accumsan odio curabitur convallis duis
Pink,Inc.,Pink Inc.,adipiscing lorem vitae mattis nibh ligula nec sem duis aliquam convallis
Green,Inc.,Green Inc.,tincidunt in leo maecenas pulvinar lobortis est phasellus
Fuscia,Co.,Fuscia Co.,non mauris morbi non lectus aliquam sit amet diam
Puce,Transit,Puce Transit,tempor convallis nulla neque libero convallis eget eleifend luctus ultricies
Teal,Co.,Teal Co.,lacinia nisi venenatis tristique fusce congue diam id ornare
Violet,Tours,Violet Tours,tellus semper interdum mauris ullamcorper purus sit
Goldenrod,Inc.,Goldenrod Inc.,faucibus orci luctus et ultrices posuere cubilia curae mauris viverra diam vitae quam suspendisse
Red,Travel,Red Travel,nisi volutpat eleifend donec ut dolor morbi
Blue,Planners,Blue Planners,laoreet ut rhoncus aliquet pulvinar sed nisl
Yellow,Travel,Yellow Travel,quis odio consequat varius integer ac leo pellentesque ultrices mattis odio donec
Khaki,Now,Khaki Now,pellentesque at nulla suspendisse potenti cras in purus eu
Green,Co.,Green Co.,sapien cursus vestibulum proin eu mi nulla ac enim in
Yellow,Planners,Yellow Planners,aenean fermentum donec ut mauris eget massa tempor convallis nulla neque libero convallis
Puce,Tours,Puce Tours,sed accumsan felis ut at dolor quis odio consequat varius integer ac leo
Orange,Now,Orange Now,lacus morbi sem mauris laoreet ut rhoncus aliquet pulvinar sed
Pink,Now,Pink Now,convallis eget eleifend luctus ultricies eu nibh quisque
Puce,Travel,Puce Travel,amet nulla quisque arcu libero rutrum ac lobortis vel dapibus
Crimson,Travel,Crimson Travel,mauris sit amet eros suspendisse accumsan tortor quis
Teal,Now,Teal Now,congue elementum in hac habitasse platea dictumst morbi vestibulum velit id
Purple,Co.,Purple Co.,morbi vel lectus in quam fringilla rhoncus mauris enim leo
Violet,Inc.,Violet Inc.,libero rutrum ac lobortis vel dapibus at
Purple,Tours,Purple Tours,vestibulum aliquet ultrices erat tortor sollicitudin mi sit amet lobortis sapien sapien non mi integer
Green,Tours,Green Tours,natoque penatibus et magnis dis parturient montes
Maroon,Now,Maroon Now,erat id mauris vulputate elementum nullam varius nulla facilisi cras non velit nec nisi
Teal,Now,Teal Now,porttitor id consequat in consequat ut nulla
Fuscia,Travel,Fuscia Travel,etiam vel augue vestibulum rutrum rutrum neque
Aquamarine,Inc.,Aquamarine Inc.,donec semper sapien a libero nam dui proin leo odio porttitor id consequat
Purple,Planners,Purple Planners,nulla integer pede justo lacinia eget tincidunt eget tempus vel pede morbi
Maroon,Travel,Maroon Travel,ipsum integer a nibh in quis justo maecenas rhoncus
Aquamarine,Transit,Aquamarine Transit,ultricies eu nibh quisque id justo sit amet sapien dignissim
Orange,Inc.,Orange Inc.,mauris ullamcorper purus sit amet nulla quisque arcu
Teal,Inc.,Teal Inc.,volutpat in congue etiam justo etiam pretium iaculis justo in hac habitasse platea
Goldenrod,Inc.,Goldenrod Inc.,sem praesent id massa id nisl venenatis lacinia aenean sit
Green,Travel,Green Travel,iaculis congue vivamus metus arcu adipiscing molestie hendrerit
Blue,Co.,Blue Co.,nec sem duis aliquam convallis nunc proin at turpis a pede posuere nonummy integer
Pink,Planners,Pink Planners,dignissim vestibulum vestibulum ante ipsum primis in faucibus orci luctus et ultrices posuere cubilia curae
Maroon,Co.,Maroon Co.,luctus et ultrices posuere cubilia curae donec pharetra magna vestibulum aliquet ultrices erat tortor sollicitudin
Violet,Inc.,Violet Inc.,curae donec pharetra magna vestibulum aliquet ultrices erat tortor sollicitudin mi sit
Green,Now,Green Now,aenean lectus pellentesque eget nunc donec quis orci eget orci vehicula condimentum curabitur
Purple,Co.,Purple Co.,vulputate vitae nisl aenean lectus pellentesque eget nunc donec
Pink,Tours,Pink Tours,lacinia aenean sit amet justo morbi ut
Fuscia,Travel,Fuscia Travel,sed lacus morbi sem mauris laoreet ut rhoncus aliquet pulvinar sed nisl
Blue,Planners,Blue Planners,at lorem integer tincidunt ante vel ipsum praesent blandit lacinia erat vestibulum sed magna at
Violet,Co.,Violet Co.,phasellus in felis donec semper sapien a libero nam dui proin leo odio porttitor id
Maroon,Tours,Maroon Tours,nascetur ridiculus mus vivamus vestibulum sagittis sapien cum sociis natoque
Violet,Inc.,Violet Inc.,sociis natoque penatibus et magnis dis parturient
Purple,Co.,Purple Co.,nulla quisque arcu libero rutrum ac lobortis vel dapibus
Aquamarine,Tours,Aquamarine Tours,velit id pretium iaculis diam erat fermentum justo
Yellow,Co.,Yellow Co.,nulla ac enim in tempor turpis nec
Goldenrod,Planners,Goldenrod Planners,dui vel sem sed sagittis nam congue risus semper porta volutpat quam
Fuscia,Tours,Fuscia Tours,sollicitudin mi sit amet lobortis sapien sapien non mi integer ac neque duis
Turquoise,Co.,Turquoise Co.,ante ipsum primis in faucibus orci luctus et ultrices posuere cubilia
Mauv,Tours,Mauv Tours,orci luctus et ultrices posuere cubilia curae mauris viverra diam vitae
Pink,Planners,Pink Planners,ac nibh fusce lacus purus aliquet at
Maroon,Transit,Maroon Transit,adipiscing elit proin risus praesent lectus vestibulum quam sapien varius ut blandit
Fuscia,Inc.,Fuscia Inc.,magna vulputate luctus cum sociis natoque penatibus et magnis dis
Blue,Now,Blue Now,quis augue luctus tincidunt nulla mollis molestie lorem quisque ut erat curabitur
Khaki,Co.,Khaki Co.,nullam porttitor lacus at turpis donec posuere metus vitae ipsum aliquam non mauris morbi non
Goldenrod,Travel,Goldenrod Travel,orci nullam molestie nibh in lectus pellentesque at nulla
Blue,Travel,Blue Travel,cum sociis natoque penatibus et magnis dis parturient montes nascetur ridiculus mus etiam
Yellow,Inc.,Yellow Inc.,dapibus augue vel accumsan tellus nisi eu orci mauris
Maroon,Travel,Maroon Travel,dolor vel est donec odio justo sollicitudin ut suscipit a feugiat et eros
Khaki,Planners,Khaki Planners,placerat ante nulla justo aliquam quis turpis eget
Turquoise,Co.,Turquoise Co.,praesent id massa id nisl venenatis lacinia
Violet,Planners,Violet Planners,luctus et ultrices posuere cubilia curae donec pharetra
Violet,Tours,Violet Tours,quam sapien varius ut blandit non interdum in
Crimson,Planners,Crimson Planners,justo in blandit ultrices enim lorem ipsum dolor sit amet consectetuer adipiscing elit proin interdum
Maroon,Transit,Maroon Transit,amet erat nulla tempus vivamus in felis eu sapien cursus vestibulum
Purple,Travel,Purple Travel,scelerisque quam turpis adipiscing lorem vitae mattis nibh ligula nec sem duis aliquam convallis nunc
Fuscia,Inc.,Fuscia Inc.,nulla sed vel enim sit amet nunc viverra dapibus nulla suscipit
Turquoise,Planners,Turquoise Planners,maecenas tristique est et tempus semper est quam pharetra magna
Goldenrod,Travel,Goldenrod Travel,felis sed lacus morbi sem mauris laoreet
Khaki,Tours,Khaki Tours,maecenas rhoncus aliquam lacus morbi quis tortor id nulla ultrices aliquet
Crimson,Travel,Crimson Travel,dolor vel est donec odio justo sollicitudin ut suscipit a
Aquamarine,Now,Aquamarine Now,dui vel sem sed sagittis nam congue risus semper porta volutpat quam pede lobortis ligula
Red,Planners,Red Planners,mauris sit amet eros suspendisse accumsan tortor quis turpis sed ante vivamus tortor duis
Puce,Now,Puce Now,sapien non mi integer ac neque duis bibendum morbi non
Khaki,Planners,Khaki Planners,felis sed lacus morbi sem mauris laoreet
Blue,Co.,Blue Co.,cursus vestibulum proin eu mi nulla ac enim in tempor turpis nec euismod scelerisque quam
Blue,Inc.,Blue Inc.,convallis nulla neque libero convallis eget eleifend luctus ultricies
Violet,Inc.,Violet Inc.,sed augue aliquam erat volutpat in congue etiam justo etiam pretium iaculis justo in
Green,Now,Green Now,tempus vel pede morbi porttitor lorem id ligula suspendisse ornare consequat lectus in est
Aquamarine,Co.,Aquamarine Co.,suscipit ligula in lacus curabitur at ipsum ac tellus semper interdum
Blue,Tours,Blue Tours,purus aliquet at feugiat non pretium quis lectus suspendisse
Goldenrod,Co.,Goldenrod Co.,accumsan odio curabitur convallis duis consequat dui nec nisi volutpat eleifend donec ut dolor
Green,Planners,Green Planners,cras non velit nec nisi vulputate nonummy maecenas tincidunt
Green,Inc.,Green Inc.,dis parturient montes nascetur ridiculus mus etiam vel augue vestibulum rutrum
Crimson,Transit,Crimson Transit,eros suspendisse accumsan tortor quis turpis sed ante vivamus tortor duis mattis
Red,Transit,Red Transit,sapien a libero nam dui proin leo odio porttitor id consequat in
Maroon,Planners,Maroon Planners,felis sed interdum venenatis turpis enim blandit mi in porttitor pede justo
Aquamarine,Travel,Aquamarine Travel,quis augue luctus tincidunt nulla mollis molestie lorem quisque ut erat curabitur gravida nisi at
Goldenrod,Transit,Goldenrod Transit,morbi vestibulum velit id pretium iaculis diam erat fermentum justo nec
Turquoise,Inc.,Turquoise Inc.,mattis pulvinar nulla pede ullamcorper augue a suscipit nulla
Orange,Transit,Orange Transit,et commodo vulputate justo in blandit ultrices enim lorem ipsum dolor sit amet consectetuer
Pink,Planners,Pink Planners,volutpat erat quisque erat eros viverra eget
Mauv,Travel,Mauv Travel,condimentum id luctus nec molestie sed justo pellentesque
Purple,Transit,Purple Transit,est congue elementum in hac habitasse platea dictumst morbi vestibulum
Green,Travel,Green Travel,quam a odio in hac habitasse platea dictumst maecenas ut massa quis augue
Khaki,Tours,Khaki Tours,blandit non interdum in ante vestibulum ante ipsum primis in faucibus orci luctus et
Fuscia,Travel,Fuscia Travel,non velit donec diam neque vestibulum eget vulputate ut ultrices vel augue vestibulum ante
Puce,Tours,Puce Tours,dictumst aliquam augue quam sollicitudin vitae consectetuer eget rutrum at lorem
Yellow,Transit,Yellow Transit,ipsum ac tellus semper interdum mauris ullamcorper purus sit amet nulla quisque arcu
Goldenrod,Co.,Goldenrod Co.,sed sagittis nam congue risus semper porta volutpat
Indigo,Co.,Indigo Co.,felis eu sapien cursus vestibulum proin eu mi nulla ac enim in
Fuscia,Inc.,Fuscia Inc.,et commodo vulputate justo in blandit ultrices enim lorem ipsum dolor sit amet consectetuer
Blue,Inc.,Blue Inc.,dolor sit amet consectetuer adipiscing elit proin risus praesent
Fuscia,Planners,Fuscia Planners,curabitur convallis duis consequat dui nec nisi volutpat eleifend
Purple,Inc.,Purple Inc.,felis eu sapien cursus vestibulum proin eu mi nulla ac enim in tempor turpis nec
Violet,Now,Violet Now,maecenas ut massa quis augue luctus tincidunt nulla mollis molestie lorem quisque ut erat
Green,Tours,Green Tours,vel ipsum praesent blandit lacinia erat vestibulum sed magna at nunc commodo placerat praesent
Green,Inc.,Green Inc.,nibh fusce lacus purus aliquet at feugiat non pretium quis lectus suspendisse potenti
Aquamarine,Tours,Aquamarine Tours,amet nulla quisque arcu libero rutrum ac lobortis
Puce,Planners,Puce Planners,eget massa tempor convallis nulla neque libero
Teal,Travel,Teal Travel,ullamcorper purus sit amet nulla quisque arcu libero rutrum
Puce,Co.,Puce Co.,luctus et ultrices posuere cubilia curae nulla dapibus dolor vel
Indigo,Transit,Indigo Transit,neque duis bibendum morbi non quam nec dui luctus
Fuscia,Transit,Fuscia Transit,lacus morbi quis tortor id nulla ultrices aliquet maecenas leo odio condimentum
Teal,Now,Teal Now,dapibus augue vel accumsan tellus nisi eu orci mauris
Indigo,Travel,Indigo Travel,sem mauris laoreet ut rhoncus aliquet pulvinar sed nisl nunc
Puce,Planners,Puce Planners,accumsan tortor quis turpis sed ante vivamus tortor duis
Crimson,Planners,Crimson Planners,aliquet at feugiat non pretium quis lectus suspendisse potenti in
Crimson,Transit,Crimson Transit,hac habitasse platea dictumst etiam faucibus cursus urna ut
Goldenrod,Inc.,Goldenrod Inc.,sed nisl nunc rhoncus dui vel sem sed sagittis nam congue risus semper porta volutpat
Red,Now,Red Now,praesent lectus vestibulum quam sapien varius ut
Violet,Inc.,Violet Inc.,dolor sit amet consectetuer adipiscing elit proin risus praesent lectus vestibulum quam sapien varius
Puce,Now,Puce Now,odio porttitor id consequat in consequat ut nulla
Orange,Inc.,Orange Inc.,rutrum rutrum neque aenean auctor gravida sem praesent id massa id nisl venenatis lacinia
Teal,Co.,Teal Co.,cum sociis natoque penatibus et magnis dis parturient montes nascetur ridiculus mus etiam vel
Indigo,Transit,Indigo Transit,tincidunt lacus at velit vivamus vel nulla eget eros
Maroon,Now,Maroon Now,accumsan tortor quis turpis sed ante vivamus tortor duis mattis egestas
Purple,Planners,Purple Planners,amet erat nulla tempus vivamus in felis eu sapien cursus vestibulum proin eu mi
Goldenrod,Now,Goldenrod Now,ut tellus nulla ut erat id mauris vulputate elementum nullam varius nulla facilisi cras non
Teal,Now,Teal Now,turpis integer aliquet massa id lobortis convallis tortor risus dapibus augue vel accumsan tellus nisi
Puce,Tours,Puce Tours,eu mi nulla ac enim in tempor turpis nec euismod
Violet,Now,Violet Now,vestibulum aliquet ultrices erat tortor sollicitudin mi sit amet lobortis sapien
Yellow,Tours,Yellow Tours,aliquet massa id lobortis convallis tortor risus dapibus augue vel accumsan tellus nisi eu orci
Orange,Planners,Orange Planners,purus eu magna vulputate luctus cum sociis natoque penatibus et magnis dis
Fuscia,Co.,Fuscia Co.,habitasse platea dictumst morbi vestibulum velit id pretium iaculis diam erat fermentum
Turquoise,Planners,Turquoise Planners,id justo sit amet sapien dignissim vestibulum vestibulum
Purple,Inc.,Purple Inc.,volutpat convallis morbi odio odio elementum eu
Goldenrod,Travel,Goldenrod Travel,sodales scelerisque mauris sit amet eros suspendisse accumsan tortor quis turpis sed ante vivamus tortor
Fuscia,Now,Fuscia Now,quam suspendisse potenti nullam porttitor lacus at turpis donec posuere metus vitae ipsum aliquam
Purple,Transit,Purple Transit,turpis enim blandit mi in porttitor pede justo eu massa donec dapibus duis at
Aquamarine,Now,Aquamarine Now,eget tincidunt eget tempus vel pede morbi porttitor lorem id ligula suspendisse ornare
Red,Planners,Red Planners,pretium iaculis diam erat fermentum justo nec condimentum neque
Yellow,Co.,Yellow Co.,arcu adipiscing molestie hendrerit at vulputate vitae nisl aenean lectus pellentesque eget nunc donec
Violet,Co.,Violet Co.,lacinia erat vestibulum sed magna at nunc commodo placerat praesent blandit nam nulla
Indigo,Travel,Indigo Travel,nec nisi vulputate nonummy maecenas tincidunt lacus at
Goldenrod,Planners,Goldenrod Planners,mattis nibh ligula nec sem duis aliquam convallis
Red,Tours,Red Tours,ultrices phasellus id sapien in sapien iaculis congue vivamus
Maroon,Planners,Maroon Planners,risus dapibus augue vel accumsan tellus nisi eu orci mauris
Red,Inc.,Red Inc.,nullam orci pede venenatis non sodales sed tincidunt eu felis fusce
Khaki,Tours,Khaki Tours,sem mauris laoreet ut rhoncus aliquet pulvinar sed nisl nunc rhoncus dui vel
Violet,Planners,Violet Planners,lectus pellentesque at nulla suspendisse potenti cras in purus eu magna vulputate luctus cum sociis
Pink,Co.,Pink Co.,montes nascetur ridiculus mus vivamus vestibulum sagittis sapien cum sociis
Mauv,Travel,Mauv Travel,quam pede lobortis ligula sit amet eleifend
Blue,Planners,Blue Planners,vitae mattis nibh ligula nec sem duis aliquam convallis nunc proin at turpis a pede
Blue,Tours,Blue Tours,pulvinar sed nisl nunc rhoncus dui vel sem sed sagittis nam congue risus semper
Indigo,Planners,Indigo Planners,vestibulum quam sapien varius ut blandit non interdum in
Turquoise,Inc.,Turquoise Inc.,orci luctus et ultrices posuere cubilia curae duis faucibus accumsan odio curabitur convallis duis
Red,Inc.,Red Inc.,ut odio cras mi pede malesuada in imperdiet et commodo vulputate
Violet,Planners,Violet Planners,in tempor turpis nec euismod scelerisque quam turpis adipiscing lorem vitae mattis
Maroon,Transit,Maroon Transit,fermentum justo nec condimentum neque sapien placerat ante
Purple,Tours,Purple Tours,pede ac diam cras pellentesque volutpat dui maecenas tristique est et
Violet,Planners,Violet Planners,justo in hac habitasse platea dictumst etiam faucibus cursus urna
Indigo,Planners,Indigo Planners,quis augue luctus tincidunt nulla mollis molestie
Turquoise,Now,Turquoise Now,molestie nibh in lectus pellentesque at nulla suspendisse potenti cras in
Yellow,Tours,Yellow Tours,orci luctus et ultrices posuere cubilia curae donec
Mauv,Planners,Mauv Planners,vitae nisi nam ultrices libero non mattis pulvinar nulla pede
Aquamarine,Now,Aquamarine Now,lorem id ligula suspendisse ornare consequat lectus in est risus auctor sed tristique
Crimson,Co.,Crimson Co.,lobortis est phasellus sit amet erat nulla tempus vivamus in felis
Maroon,Now,Maroon Now,lacus curabitur at ipsum ac tellus semper
Indigo,Tours,Indigo Tours,vitae consectetuer eget rutrum at lorem integer tincidunt ante vel ipsum praesent blandit lacinia
Aquamarine,Now,Aquamarine Now,lobortis ligula sit amet eleifend pede libero
Khaki,Transit,Khaki Transit,ac nibh fusce lacus purus aliquet at feugiat non pretium quis lectus suspendisse potenti
Mauv,Now,Mauv Now,aliquet massa id lobortis convallis tortor risus dapibus augue vel accumsan tellus
Aquamarine,Now,Aquamarine Now,id luctus nec molestie sed justo pellentesque viverra pede ac
Pink,Inc.,Pink Inc.,luctus rutrum nulla tellus in sagittis dui
Green,Inc.,Green Inc.,rutrum nulla tellus in sagittis dui vel nisl duis ac nibh fusce
Indigo,Travel,Indigo Travel,congue eget semper rutrum nulla nunc purus phasellus in felis donec semper sapien a
Red,Now,Red Now,iaculis justo in hac habitasse platea dictumst etiam faucibus cursus urna ut tellus nulla
Fuscia,Planners,Fuscia Planners,volutpat eleifend donec ut dolor morbi vel lectus in quam fringilla rhoncus mauris
Purple,Planners,Purple Planners,faucibus orci luctus et ultrices posuere cubilia curae duis faucibus accumsan odio curabitur
Teal,Co.,Teal Co.,at dolor quis odio consequat varius integer ac leo pellentesque
Khaki,Tours,Khaki Tours,mauris lacinia sapien quis libero nullam sit amet turpis elementum ligula
Maroon,Planners,Maroon Planners,consectetuer adipiscing elit proin interdum mauris non
Teal,Now,Teal Now,dui maecenas tristique est et tempus semper est
Goldenrod,Co.,Goldenrod Co.,hendrerit at vulputate vitae nisl aenean lectus pellentesque eget nunc
Puce,Tours,Puce Tours,mauris viverra diam vitae quam suspendisse potenti nullam porttitor lacus at
Violet,Inc.,Violet Inc.,erat fermentum justo nec condimentum neque sapien placerat ante nulla justo aliquam
Turquoise,Co.,Turquoise Co.,blandit mi in porttitor pede justo eu massa donec dapibus duis at
Khaki,Inc.,Khaki Inc.,sapien iaculis congue vivamus metus arcu adipiscing molestie hendrerit at vulputate vitae nisl aenean
Purple,Inc.,Purple Inc.,convallis morbi odio odio elementum eu interdum eu tincidunt in
Orange,Inc.,Orange Inc.,in hac habitasse platea dictumst morbi vestibulum velit
Blue,Transit,Blue Transit,tellus nisi eu orci mauris lacinia sapien quis
Goldenrod,Planners,Goldenrod Planners,eget tincidunt eget tempus vel pede morbi porttitor
Orange,Planners,Orange Planners,nulla dapibus dolor vel est donec odio justo
Purple,Travel,Purple Travel,morbi ut odio cras mi pede malesuada in imperdiet
Blue,Now,Blue Now,in eleifend quam a odio in hac habitasse platea dictumst maecenas ut massa quis
Turquoise,Inc.,Turquoise Inc.,nulla sed vel enim sit amet nunc viverra dapibus nulla
Khaki,Co.,Khaki Co.,bibendum imperdiet nullam orci pede venenatis non sodales sed tincidunt
Violet,Tours,Violet Tours,a pede posuere nonummy integer non velit donec
Aquamarine,Tours,Aquamarine Tours,eu orci mauris lacinia sapien quis libero nullam sit amet
Maroon,Transit,Maroon Transit,congue elementum in hac habitasse platea dictumst morbi vestibulum velit id pretium
Turquoise,Co.,Turquoise Co.,ornare imperdiet sapien urna pretium nisl ut volutpat sapien arcu sed augue
Indigo,Tours,Indigo Tours,in imperdiet et commodo vulputate justo in blandit ultrices enim lorem ipsum dolor sit amet
Violet,Transit,Violet Transit,porta volutpat quam pede lobortis ligula sit amet eleifend
Teal,Inc.,Teal Inc.,amet sapien dignissim vestibulum vestibulum ante ipsum primis in
Khaki,Now,Khaki Now,mi in porttitor pede justo eu massa donec
Aquamarine,Planners,Aquamarine Planners,pellentesque eget nunc donec quis orci eget orci vehicula condimentum curabitur in
Mauv,Tours,Mauv Tours,dapibus augue vel accumsan tellus nisi eu orci mauris lacinia sapien quis libero nullam
Yellow,Planners,Yellow Planners,sit amet sapien dignissim vestibulum vestibulum ante ipsum primis in faucibus orci luctus et ultrices
Green,Planners,Green Planners,lobortis convallis tortor risus dapibus augue vel accumsan tellus nisi eu
Turquoise,Transit,Turquoise Transit,tortor duis mattis egestas metus aenean fermentum donec ut mauris eget massa tempor
Green,Travel,Green Travel,id pretium iaculis diam erat fermentum justo nec condimentum neque
Turquoise,Tours,Turquoise Tours,aliquam augue quam sollicitudin vitae consectetuer eget rutrum at lorem integer tincidunt ante vel
Purple,Tours,Purple Tours,justo etiam pretium iaculis justo in hac habitasse platea
Orange,Co.,Orange Co.,lacinia eget tincidunt eget tempus vel pede morbi porttitor lorem id ligula suspendisse ornare
Yellow,Co.,Yellow Co.,commodo placerat praesent blandit nam nulla integer pede justo lacinia eget tincidunt eget
Mauv,Planners,Mauv Planners,quis augue luctus tincidunt nulla mollis molestie lorem quisque ut erat
Puce,Inc.,Puce Inc.,sapien a libero nam dui proin leo odio porttitor id consequat
Khaki,Co.,Khaki Co.,est phasellus sit amet erat nulla tempus vivamus in felis
Puce,Tours,Puce Tours,congue etiam justo etiam pretium iaculis justo in hac habitasse platea dictumst etiam
Turquoise,Transit,Turquoise Transit,erat quisque erat eros viverra eget congue eget semper rutrum nulla nunc purus phasellus in
Aquamarine,Planners,Aquamarine Planners,lobortis sapien sapien non mi integer ac
Pink,Planners,Pink Planners,magna bibendum imperdiet nullam orci pede venenatis non sodales sed tincidunt eu felis
Violet,Planners,Violet Planners,aenean fermentum donec ut mauris eget massa tempor convallis nulla neque libero convallis
Turquoise,Planners,Turquoise Planners,justo pellentesque viverra pede ac diam cras pellentesque volutpat
Aquamarine,Planners,Aquamarine Planners,justo aliquam quis turpis eget elit sodales scelerisque mauris sit amet
Khaki,Transit,Khaki Transit,odio elementum eu interdum eu tincidunt in leo maecenas pulvinar lobortis est
Purple,Planners,Purple Planners,dui proin leo odio porttitor id consequat in consequat ut nulla sed accumsan felis ut
Aquamarine,Tours,Aquamarine Tours,nascetur ridiculus mus etiam vel augue vestibulum rutrum
Fuscia,Now,Fuscia Now,in faucibus orci luctus et ultrices posuere cubilia
Fuscia,Transit,Fuscia Transit,porttitor lorem id ligula suspendisse ornare consequat lectus in
Purple,Tours,Purple Tours,potenti nullam porttitor lacus at turpis donec
Pink,Transit,Pink Transit,consequat dui nec nisi volutpat eleifend donec ut dolor morbi vel lectus in quam
Orange,Inc.,Orange Inc.,et magnis dis parturient montes nascetur ridiculus mus vivamus vestibulum sagittis sapien cum sociis natoque
Blue,Inc.,Blue Inc.,lectus in quam fringilla rhoncus mauris enim leo rhoncus sed vestibulum sit amet cursus id
Mauv,Planners,Mauv Planners,varius ut blandit non interdum in ante vestibulum ante ipsum primis in faucibus orci luctus
Orange,Planners,Orange Planners,consequat morbi a ipsum integer a nibh in quis justo maecenas rhoncus aliquam
Aquamarine,Co.,Aquamarine Co.,aenean auctor gravida sem praesent id massa id nisl venenatis lacinia aenean sit
Pink,Inc.,Pink Inc.,nulla neque libero convallis eget eleifend luctus ultricies eu
Goldenrod,Travel,Goldenrod Travel,quam pharetra magna ac consequat metus sapien ut
Green,Transit,Green Transit,ac diam cras pellentesque volutpat dui maecenas tristique est et tempus semper est quam
Violet,Inc.,Violet Inc.,nulla nisl nunc nisl duis bibendum felis
Crimson,Inc.,Crimson Inc.,euismod scelerisque quam turpis adipiscing lorem vitae mattis nibh ligula nec sem duis
Red,Inc.,Red Inc.,id mauris vulputate elementum nullam varius nulla facilisi cras
Green,Inc.,Green Inc.,dolor sit amet consectetuer adipiscing elit proin interdum mauris non ligula pellentesque ultrices phasellus id
Turquoise,Transit,Turquoise Transit,posuere cubilia curae duis faucibus accumsan odio
Puce,Co.,Puce Co.,elementum nullam varius nulla facilisi cras non velit nec nisi vulputate nonummy maecenas tincidunt
Green,Planners,Green Planners,fringilla rhoncus mauris enim leo rhoncus sed vestibulum
Green,Tours,Green Tours,sit amet nulla quisque arcu libero rutrum ac
Green,Transit,Green Transit,etiam justo etiam pretium iaculis justo in hac habitasse platea dictumst etiam faucibus
Red,Inc.,Red Inc.,odio in hac habitasse platea dictumst maecenas ut massa quis augue
Violet,Inc.,Violet Inc.,nulla elit ac nulla sed vel enim sit amet nunc viverra dapibus nulla
Turquoise,Tours,Turquoise Tours,curabitur at ipsum ac tellus semper interdum mauris ullamcorper purus
Khaki,Planners,Khaki Planners,aliquet massa id lobortis convallis tortor risus dapibus augue vel accumsan
Pink,Now,Pink Now,nunc viverra dapibus nulla suscipit ligula in lacus
Red,Co.,Red Co.,lectus in quam fringilla rhoncus mauris enim leo rhoncus sed
Red,Co.,Red Co.,vestibulum aliquet ultrices erat tortor sollicitudin mi sit
Teal,Co.,Teal Co.,vel augue vestibulum ante ipsum primis in faucibus
Mauv,Planners,Mauv Planners,est phasellus sit amet erat nulla tempus vivamus in felis
Pink,Travel,Pink Travel,aliquet at feugiat non pretium quis lectus suspendisse potenti in eleifend
Fuscia,Transit,Fuscia Transit,malesuada in imperdiet et commodo vulputate justo
Crimson,Planners,Crimson Planners,habitasse platea dictumst aliquam augue quam sollicitudin vitae
Indigo,Planners,Indigo Planners,pellentesque at nulla suspendisse potenti cras in purus eu magna vulputate luctus cum sociis
Turquoise,Travel,Turquoise Travel,posuere cubilia curae duis faucibus accumsan odio curabitur convallis duis consequat dui nec nisi
Blue,Tours,Blue Tours,duis bibendum felis sed interdum venenatis turpis enim blandit mi
Blue,Travel,Blue Travel,sit amet nunc viverra dapibus nulla suscipit ligula in lacus curabitur at ipsum ac
Turquoise,Travel,Turquoise Travel,odio donec vitae nisi nam ultrices libero non
Mauv,Planners,Mauv Planners,ac tellus semper interdum mauris ullamcorper purus sit amet
Khaki,Tours,Khaki Tours,mauris laoreet ut rhoncus aliquet pulvinar sed nisl nunc rhoncus dui
Mauv,Tours,Mauv Tours,justo morbi ut odio cras mi pede malesuada in imperdiet et commodo vulputate
Turquoise,Co.,Turquoise Co.,rutrum rutrum neque aenean auctor gravida sem praesent
Goldenrod,Now,Goldenrod Now,ac consequat metus sapien ut nunc vestibulum ante ipsum primis in faucibus orci luctus et
Mauv,Tours,Mauv Tours,purus aliquet at feugiat non pretium quis lectus suspendisse potenti
Purple,Planners,Purple Planners,interdum venenatis turpis enim blandit mi in porttitor pede justo eu massa
Red,Inc.,Red Inc.,sapien urna pretium nisl ut volutpat sapien arcu sed
Pink,Now,Pink Now,rhoncus sed vestibulum sit amet cursus id turpis integer aliquet massa
Puce,Now,Puce Now,iaculis congue vivamus metus arcu adipiscing molestie hendrerit at
Indigo,Inc.,Indigo Inc.,suspendisse potenti in eleifend quam a odio in
Turquoise,Co.,Turquoise Co.,suspendisse accumsan tortor quis turpis sed ante vivamus tortor duis mattis egestas metus aenean fermentum
Pink,Transit,Pink Transit,augue vestibulum rutrum rutrum neque aenean auctor gravida sem praesent
Red,Transit,Red Transit,ipsum primis in faucibus orci luctus et ultrices
Pink,Travel,Pink Travel,suspendisse accumsan tortor quis turpis sed ante
Indigo,Now,Indigo Now,varius ut blandit non interdum in ante vestibulum ante ipsum primis in faucibus
Mauv,Co.,Mauv Co.,vestibulum sed magna at nunc commodo placerat praesent blandit
Orange,Inc.,Orange Inc.,eget orci vehicula condimentum curabitur in libero ut massa volutpat convallis morbi odio
Blue,Now,Blue Now,habitasse platea dictumst aliquam augue quam sollicitudin vitae consectetuer eget rutrum at lorem integer
Green,Inc.,Green Inc.,cubilia curae mauris viverra diam vitae quam suspendisse potenti nullam porttitor lacus at turpis donec
Yellow,Transit,Yellow Transit,nulla suscipit ligula in lacus curabitur at ipsum ac tellus semper interdum mauris ullamcorper purus
Pink,Transit,Pink Transit,vehicula consequat morbi a ipsum integer a nibh in quis justo
Crimson,Tours,Crimson Tours,nisi vulputate nonummy maecenas tincidunt lacus at velit vivamus vel nulla eget
Green,Inc.,Green Inc.,dui vel sem sed sagittis nam congue risus semper porta volutpat quam pede
Fuscia,Co.,Fuscia Co.,a suscipit nulla elit ac nulla sed
Pink,Now,Pink Now,in libero ut massa volutpat convallis morbi odio
Maroon,Inc.,Maroon Inc.,consequat lectus in est risus auctor sed tristique in tempus sit
Mauv,Now,Mauv Now,sapien urna pretium nisl ut volutpat sapien
Puce,Travel,Puce Travel,nulla eget eros elementum pellentesque quisque porta volutpat
Goldenrod,Co.,Goldenrod Co.,vestibulum sagittis sapien cum sociis natoque penatibus et magnis dis parturient
Fuscia,Tours,Fuscia Tours,in hac habitasse platea dictumst etiam faucibus cursus urna ut
Khaki,Inc.,Khaki Inc.,faucibus orci luctus et ultrices posuere cubilia curae nulla dapibus dolor vel est donec
Purple,Now,Purple Now,pede justo eu massa donec dapibus duis at velit eu est
Indigo,Tours,Indigo Tours,ultrices posuere cubilia curae nulla dapibus dolor
Turquoise,Inc.,Turquoise Inc.,at nulla suspendisse potenti cras in purus
Red,Travel,Red Travel,quisque erat eros viverra eget congue eget semper rutrum nulla nunc purus phasellus in
Goldenrod,Co.,Goldenrod Co.,donec vitae nisi nam ultrices libero non mattis pulvinar nulla
Violet,Inc.,Violet Inc.,mauris viverra diam vitae quam suspendisse potenti nullam porttitor lacus at turpis donec posuere metus
Aquamarine,Co.,Aquamarine Co.,tincidunt eget tempus vel pede morbi porttitor lorem id ligula suspendisse
Fuscia,Inc.,Fuscia Inc.,est phasellus sit amet erat nulla tempus vivamus in felis
Khaki,Transit,Khaki Transit,ut at dolor quis odio consequat varius integer ac
Blue,Travel,Blue Travel,nisi at nibh in hac habitasse platea dictumst aliquam augue quam
Turquoise,Inc.,Turquoise Inc.,libero rutrum ac lobortis vel dapibus at diam nam
Khaki,Now,Khaki Now,lacus morbi sem mauris laoreet ut rhoncus aliquet pulvinar sed nisl nunc rhoncus
Mauv,Now,Mauv Now,felis sed interdum venenatis turpis enim blandit mi in
Purple,Co.,Purple Co.,vitae ipsum aliquam non mauris morbi non lectus aliquam sit amet diam in
Maroon,Now,Maroon Now,est quam pharetra magna ac consequat metus sapien ut nunc vestibulum ante
Khaki,Co.,Khaki Co.,tincidunt ante vel ipsum praesent blandit lacinia erat
Goldenrod,Planners,Goldenrod Planners,in sapien iaculis congue vivamus metus arcu adipiscing molestie hendrerit at vulputate
Pink,Co.,Pink Co.,nibh in lectus pellentesque at nulla suspendisse
Turquoise,Now,Turquoise Now,ligula vehicula consequat morbi a ipsum integer a nibh in quis justo
Purple,Co.,Purple Co.,mauris morbi non lectus aliquam sit amet diam in magna bibendum imperdiet nullam orci pede
Purple,Inc.,Purple Inc.,aliquam quis turpis eget elit sodales scelerisque mauris sit
Pink,Travel,Pink Travel,sapien iaculis congue vivamus metus arcu adipiscing molestie hendrerit at vulputate vitae nisl
Puce,Travel,Puce Travel,viverra dapibus nulla suscipit ligula in lacus curabitur at ipsum ac tellus semper
Crimson,Planners,Crimson Planners,elementum ligula vehicula consequat morbi a ipsum integer a nibh
Crimson,Tours,Crimson Tours,lectus pellentesque at nulla suspendisse potenti cras in purus eu magna vulputate
Mauv,Now,Mauv Now,diam in magna bibendum imperdiet nullam orci pede venenatis
Violet,Co.,Violet Co.,dui maecenas tristique est et tempus semper est quam pharetra
Fuscia,Planners,Fuscia Planners,in porttitor pede justo eu massa donec dapibus duis
Maroon,Transit,Maroon Transit,sapien in sapien iaculis congue vivamus metus arcu adipiscing molestie hendrerit
Blue,Transit,Blue Transit,in blandit ultrices enim lorem ipsum dolor sit amet consectetuer adipiscing elit proin interdum
Puce,Tours,Puce Tours,fusce lacus purus aliquet at feugiat non
Yellow,Inc.,Yellow Inc.,non mauris morbi non lectus aliquam sit amet diam in
Indigo,Travel,Indigo Travel,interdum in ante vestibulum ante ipsum primis in faucibus orci
Violet,Travel,Violet Travel,est congue elementum in hac habitasse platea dictumst morbi vestibulum
Puce,Travel,Puce Travel,posuere cubilia curae nulla dapibus dolor vel est donec odio
Goldenrod,Now,Goldenrod Now,sapien urna pretium nisl ut volutpat sapien
Pink,Now,Pink Now,luctus cum sociis natoque penatibus et magnis dis parturient montes nascetur
Pink,Transit,Pink Transit,rhoncus aliquet pulvinar sed nisl nunc rhoncus dui
Purple,Co.,Purple Co.,sit amet sapien dignissim vestibulum vestibulum ante ipsum primis in faucibus orci
Teal,Co.,Teal Co.,purus eu magna vulputate luctus cum sociis natoque penatibus et
Goldenrod,Co.,Goldenrod Co.,nunc commodo placerat praesent blandit nam nulla integer pede
Red,Planners,Red Planners,suscipit ligula in lacus curabitur at ipsum
Mauv,Co.,Mauv Co.,id justo sit amet sapien dignissim vestibulum vestibulum ante ipsum primis in
Fuscia,Travel,Fuscia Travel,dictumst maecenas ut massa quis augue luctus tincidunt nulla mollis molestie lorem quisque ut erat
Khaki,Inc.,Khaki Inc.,luctus tincidunt nulla mollis molestie lorem quisque ut erat
Blue,Co.,Blue Co.,venenatis non sodales sed tincidunt eu felis fusce
Indigo,Co.,Indigo Co.,lectus in quam fringilla rhoncus mauris enim leo rhoncus sed vestibulum sit amet
Pink,Now,Pink Now,eu mi nulla ac enim in tempor
Goldenrod,Now,Goldenrod Now,tellus semper interdum mauris ullamcorper purus sit amet nulla quisque arcu
Purple,Co.,Purple Co.,sagittis sapien cum sociis natoque penatibus et magnis
Yellow,Now,Yellow Now,pellentesque ultrices phasellus id sapien in sapien iaculis congue vivamus metus arcu adipiscing
Fuscia,Planners,Fuscia Planners,nisl duis ac nibh fusce lacus purus aliquet at feugiat non
Khaki,Tours,Khaki Tours,id pretium iaculis diam erat fermentum justo nec condimentum
Teal,Transit,Teal Transit,vel accumsan tellus nisi eu orci mauris lacinia sapien quis libero nullam sit amet turpis
Puce,Inc.,Puce Inc.,pede malesuada in imperdiet et commodo vulputate justo in blandit
Purple,Tours,Purple Tours,sit amet turpis elementum ligula vehicula consequat morbi a ipsum integer a nibh in quis
Red,Now,Red Now,erat vestibulum sed magna at nunc commodo placerat praesent blandit nam nulla
Khaki,Tours,Khaki Tours,venenatis non sodales sed tincidunt eu felis fusce posuere felis sed
Puce,Inc.,Puce Inc.,ipsum dolor sit amet consectetuer adipiscing elit proin risus praesent lectus
Fuscia,Now,Fuscia Now,ac tellus semper interdum mauris ullamcorper purus sit
Purple,Co.,Purple Co.,in congue etiam justo etiam pretium iaculis justo in hac habitasse platea dictumst
Maroon,Tours,Maroon Tours,duis ac nibh fusce lacus purus aliquet
Maroon,Travel,Maroon Travel,quisque erat eros viverra eget congue eget semper rutrum
Goldenrod,Transit,Goldenrod Transit,in tempor turpis nec euismod scelerisque quam turpis adipiscing lorem vitae mattis nibh ligula nec
Purple,Travel,Purple Travel,sapien cum sociis natoque penatibus et magnis dis parturient montes nascetur
Pink,Co.,Pink Co.,nulla sed vel enim sit amet nunc viverra dapibus nulla suscipit ligula in lacus curabitur
Orange,Travel,Orange Travel,volutpat sapien arcu sed augue aliquam erat volutpat in congue etiam justo etiam pretium iaculis
Mauv,Planners,Mauv Planners,ut odio cras mi pede malesuada in imperdiet et commodo vulputate justo in
Turquoise,Transit,Turquoise Transit,nulla eget eros elementum pellentesque quisque porta
Khaki,Transit,Khaki Transit,sed augue aliquam erat volutpat in congue etiam justo etiam pretium iaculis
Orange,Inc.,Orange Inc.,consectetuer adipiscing elit proin interdum mauris non ligula pellentesque ultrices phasellus id sapien in sapien
Yellow,Inc.,Yellow Inc.,primis in faucibus orci luctus et ultrices
Mauv,Inc.,Mauv Inc.,auctor gravida sem praesent id massa id nisl venenatis lacinia aenean sit amet justo
Green,Travel,Green Travel,dolor morbi vel lectus in quam fringilla rhoncus mauris enim leo rhoncus sed
Turquoise,Transit,Turquoise Transit,congue vivamus metus arcu adipiscing molestie hendrerit at vulputate vitae nisl aenean lectus pellentesque eget
Purple,Transit,Purple Transit,blandit mi in porttitor pede justo eu massa donec
Mauv,Planners,Mauv Planners,augue a suscipit nulla elit ac nulla sed vel enim sit amet nunc viverra
Blue,Now,Blue Now,pulvinar nulla pede ullamcorper augue a suscipit nulla elit ac
Orange,Tours,Orange Tours,curae mauris viverra diam vitae quam suspendisse potenti
Goldenrod,Inc.,Goldenrod Inc.,congue eget semper rutrum nulla nunc purus phasellus in felis donec
Violet,Transit,Violet Transit,suscipit ligula in lacus curabitur at ipsum ac tellus semper
Blue,Co.,Blue Co.,sociis natoque penatibus et magnis dis parturient montes nascetur ridiculus mus etiam
Orange,Now,Orange Now,lacinia erat vestibulum sed magna at nunc commodo placerat praesent
Pink,Transit,Pink Transit,pretium nisl ut volutpat sapien arcu sed augue aliquam erat
Khaki,Transit,Khaki Transit,porta volutpat quam pede lobortis ligula sit amet
Yellow,Co.,Yellow Co.,blandit mi in porttitor pede justo eu massa donec dapibus
Violet,Co.,Violet Co.,quam fringilla rhoncus mauris enim leo rhoncus
Yellow,Inc.,Yellow Inc.,mi integer ac neque duis bibendum morbi non quam nec dui luctus rutrum nulla
Orange,Travel,Orange Travel,varius integer ac leo pellentesque ultrices mattis
Red,Inc.,Red Inc.,lobortis sapien sapien non mi integer ac neque duis bibendum morbi non
Orange,Travel,Orange Travel,pede ullamcorper augue a suscipit nulla elit ac nulla sed vel
Turquoise,Tours,Turquoise Tours,morbi non quam nec dui luctus rutrum
Blue,Travel,Blue Travel,erat tortor sollicitudin mi sit amet lobortis sapien sapien non mi integer
Teal,Now,Teal Now,luctus nec molestie sed justo pellentesque viverra pede ac diam cras pellentesque volutpat dui
Green,Tours,Green Tours,eleifend luctus ultricies eu nibh quisque id justo sit amet sapien dignissim vestibulum
Purple,Transit,Purple Transit,varius integer ac leo pellentesque ultrices mattis odio donec vitae nisi nam ultrices libero
Indigo,Transit,Indigo Transit,tellus semper interdum mauris ullamcorper purus sit amet nulla quisque arcu libero
Crimson,Travel,Crimson Travel,adipiscing molestie hendrerit at vulputate vitae nisl aenean lectus pellentesque eget
Yellow,Inc.,Yellow Inc.,varius nulla facilisi cras non velit nec nisi vulputate nonummy
Blue,Transit,Blue Transit,pretium quis lectus suspendisse potenti in eleifend quam a odio in
Khaki,Co.,Khaki Co.,id turpis integer aliquet massa id lobortis convallis tortor risus dapibus augue vel accumsan tellus
Blue,Transit,Blue Transit,a ipsum integer a nibh in quis
Fuscia,Transit,Fuscia Transit,nec nisi volutpat eleifend donec ut dolor morbi vel lectus in
Turquoise,Inc.,Turquoise Inc.,ultrices posuere cubilia curae mauris viverra diam vitae quam suspendisse potenti nullam porttitor lacus
Green,Tours,Green Tours,justo maecenas rhoncus aliquam lacus morbi quis tortor
Pink,Inc.,Pink Inc.,a feugiat et eros vestibulum ac est lacinia nisi venenatis tristique fusce
Indigo,Now,Indigo Now,velit vivamus vel nulla eget eros elementum pellentesque quisque porta
Crimson,Tours,Crimson Tours,dui proin leo odio porttitor id consequat in consequat ut nulla
Indigo,Now,Indigo Now,nascetur ridiculus mus etiam vel augue vestibulum rutrum rutrum neque aenean auctor gravida sem
Fuscia,Planners,Fuscia Planners,mauris lacinia sapien quis libero nullam sit amet turpis elementum ligula vehicula
Purple,Inc.,Purple Inc.,ac leo pellentesque ultrices mattis odio donec vitae nisi nam ultrices libero
Orange,Travel,Orange Travel,justo maecenas rhoncus aliquam lacus morbi quis tortor id
Puce,Planners,Puce Planners,tortor quis turpis sed ante vivamus tortor duis mattis egestas metus aenean fermentum
Purple,Tours,Purple Tours,mus etiam vel augue vestibulum rutrum rutrum neque
Khaki,Now,Khaki Now,at ipsum ac tellus semper interdum mauris ullamcorper purus
Goldenrod,Transit,Goldenrod Transit,volutpat convallis morbi odio odio elementum eu interdum eu tincidunt in leo maecenas
Aquamarine,Travel,Aquamarine Travel,tincidunt lacus at velit vivamus vel nulla
Aquamarine,Travel,Aquamarine Travel,eu tincidunt in leo maecenas pulvinar lobortis est phasellus sit amet
Red,Transit,Red Transit,ut dolor morbi vel lectus in quam fringilla rhoncus mauris enim leo rhoncus sed
Puce,Now,Puce Now,ligula pellentesque ultrices phasellus id sapien in
Yellow,Planners,Yellow Planners,aenean fermentum donec ut mauris eget massa
Khaki,Transit,Khaki Transit,curabitur gravida nisi at nibh in hac habitasse platea
Violet,Co.,Violet Co.,semper est quam pharetra magna ac consequat metus sapien ut nunc vestibulum ante ipsum
Turquoise,Inc.,Turquoise Inc.,amet consectetuer adipiscing elit proin interdum mauris non
Teal,Transit,Teal Transit,venenatis lacinia aenean sit amet justo morbi
Goldenrod,Tours,Goldenrod Tours,erat fermentum justo nec condimentum neque sapien
Pink,Inc.,Pink Inc.,nulla sed accumsan felis ut at dolor quis odio consequat varius
Teal,Travel,Teal Travel,in consequat ut nulla sed accumsan felis ut at dolor quis odio consequat
Green,Transit,Green Transit,iaculis justo in hac habitasse platea dictumst etiam faucibus cursus urna
Maroon,Now,Maroon Now,varius ut blandit non interdum in ante vestibulum ante ipsum
Green,Now,Green Now,pede justo lacinia eget tincidunt eget tempus vel pede morbi porttitor lorem id
Yellow,Tours,Yellow Tours,ultrices erat tortor sollicitudin mi sit amet lobortis sapien sapien non mi integer ac neque
Violet,Planners,Violet Planners,pharetra magna ac consequat metus sapien ut nunc vestibulum
Orange,Tours,Orange Tours,potenti cras in purus eu magna vulputate luctus cum sociis
Mauv,Travel,Mauv Travel,ultrices posuere cubilia curae nulla dapibus dolor vel est
Orange,Travel,Orange Travel,ante ipsum primis in faucibus orci luctus
Maroon,Transit,Maroon Transit,ligula suspendisse ornare consequat lectus in est risus auctor sed tristique in tempus sit amet
Green,Tours,Green Tours,nisl duis ac nibh fusce lacus purus aliquet at feugiat non pretium quis lectus
Teal,Co.,Teal Co.,nibh quisque id justo sit amet sapien dignissim vestibulum vestibulum
Yellow,Tours,Yellow Tours,ante ipsum primis in faucibus orci luctus et ultrices posuere cubilia
Purple,Co.,Purple Co.,neque vestibulum eget vulputate ut ultrices vel augue vestibulum
Yellow,Travel,Yellow Travel,nonummy maecenas tincidunt lacus at velit vivamus
Indigo,Travel,Indigo Travel,at nunc commodo placerat praesent blandit nam
Aquamarine,Transit,Aquamarine Transit,at nunc commodo placerat praesent blandit nam nulla integer pede justo lacinia eget tincidunt eget
Orange,Inc.,Orange Inc.,sapien dignissim vestibulum vestibulum ante ipsum primis in faucibus orci luctus et ultrices
Mauv,Co.,Mauv Co.,id ornare imperdiet sapien urna pretium nisl ut volutpat sapien arcu sed augue aliquam
Teal,Inc.,Teal Inc.,vel pede morbi porttitor lorem id ligula suspendisse
Yellow,Tours,Yellow Tours,tristique fusce congue diam id ornare imperdiet sapien urna pretium nisl ut
Mauv,Tours,Mauv Tours,lorem quisque ut erat curabitur gravida nisi at nibh
Puce,Planners,Puce Planners,sapien iaculis congue vivamus metus arcu adipiscing molestie hendrerit at vulputate vitae nisl
Blue,Now,Blue Now,varius ut blandit non interdum in ante vestibulum ante
Blue,Travel,Blue Travel,nulla suscipit ligula in lacus curabitur at ipsum ac tellus semper interdum mauris ullamcorper purus
Red,Transit,Red Transit,mi in porttitor pede justo eu massa donec dapibus duis at velit eu est
Pink,Planners,Pink Planners,enim lorem ipsum dolor sit amet consectetuer
Khaki,Co.,Khaki Co.,rutrum rutrum neque aenean auctor gravida sem praesent id massa
Teal,Transit,Teal Transit,at ipsum ac tellus semper interdum mauris ullamcorper purus sit amet nulla quisque arcu libero
Mauv,Transit,Mauv Transit,ullamcorper purus sit amet nulla quisque arcu libero
Purple,Co.,Purple Co.,fusce consequat nulla nisl nunc nisl duis
Maroon,Transit,Maroon Transit,duis ac nibh fusce lacus purus aliquet at feugiat non pretium quis lectus suspendisse potenti
Puce,Transit,Puce Transit,natoque penatibus et magnis dis parturient montes nascetur ridiculus mus vivamus vestibulum sagittis
Pink,Now,Pink Now,nulla eget eros elementum pellentesque quisque porta volutpat erat quisque erat eros viverra
Yellow,Travel,Yellow Travel,sem fusce consequat nulla nisl nunc nisl duis bibendum felis sed interdum
Turquoise,Travel,Turquoise Travel,lectus pellentesque eget nunc donec quis orci eget
Purple,Now,Purple Now,sit amet cursus id turpis integer aliquet massa id lobortis convallis tortor risus dapibus augue
Orange,Transit,Orange Transit,orci mauris lacinia sapien quis libero nullam sit amet turpis
Fuscia,Tours,Fuscia Tours,feugiat et eros vestibulum ac est lacinia
Turquoise,Travel,Turquoise Travel,non pretium quis lectus suspendisse potenti in eleifend quam a odio in hac habitasse
Maroon,Co.,Maroon Co.,in est risus auctor sed tristique in tempus sit amet sem fusce consequat nulla
Fuscia,Travel,Fuscia Travel,ut ultrices vel augue vestibulum ante ipsum primis in
Puce,Now,Puce Now,aenean sit amet justo morbi ut odio cras mi pede
Mauv,Co.,Mauv Co.,et magnis dis parturient montes nascetur ridiculus mus etiam vel augue vestibulum rutrum rutrum neque
Pink,Now,Pink Now,vehicula consequat morbi a ipsum integer a nibh in quis
Red,Now,Red Now,ac enim in tempor turpis nec euismod scelerisque quam turpis adipiscing
Purple,Planners,Purple Planners,convallis morbi odio odio elementum eu interdum eu tincidunt in
